title,employer,location,city,state,salary_min,salary_max,job_type,source,url,posted_date,status,first_seen
Group Services Coordinator,2LIFE COMMUNITIES,"Newton Highlands, Middlesex County",Newton Highlands,Middlesex County,55000.0,65000.0,,adzuna,https://www.adzuna.com/details/5562692735?utm_medium=api&utm_source=516145e7,2026-01-01T07:58:07Z,active,2026-01-08 21:06:08
Mobile Veterinarian,Lap of Love,"Woburn, Middlesex County",Woburn,Middlesex County,104355.95,104355.95,,adzuna,https://www.adzuna.com/details/5572864273?utm_medium=api&utm_source=516145e7,2026-01-07T19:40:02Z,active,2026-01-08 21:06:08
Part- time Veterinarian,Lap of Love,"South Waltham, Middlesex County",South Waltham,Middlesex County,93996.03,93996.03,,adzuna,https://www.adzuna.com/details/5552485194?utm_medium=api&utm_source=516145e7,2025-12-22T19:31:07Z,active,2026-01-08 21:06:08
Gopuff Delivery Driver,GoPuff,"South Boston, Suffolk County",South Boston,Suffolk County,70391.31,70391.31,contract,adzuna,https://www.adzuna.com/details/5521236600?utm_medium=api&utm_source=516145e7,2025-12-01T06:04:05Z,active,2026-01-08 21:06:08
Clinical Dietitian,Hebrew SeniorLife,"Dedham, Norfolk County",Dedham,Norfolk County,77777.41,77777.41,,adzuna,https://www.adzuna.com/details/5564088416?utm_medium=api&utm_source=516145e7,2026-01-01T20:08:30Z,active,2026-01-08 21:06:08
"Gopuff Delivery Driver Partner - No Riders, No Restaurants",GoPuff,"Somerville, Middlesex County",Somerville,Middlesex County,51197.0,51197.0,contract,adzuna,https://www.adzuna.com/details/5521236663?utm_medium=api&utm_source=516145e7,2025-12-01T06:04:05Z,active,2026-01-08 21:06:08
Culinary Associate-Roslindale,Hebrew SeniorLife,"South Boston, Suffolk County",South Boston,Suffolk County,68789.17,68789.17,,adzuna,https://www.adzuna.com/details/5501059303?utm_medium=api&utm_source=516145e7,2025-11-17T18:30:02Z,active,2026-01-08 21:06:08
Make Your Own Schedule - Deliver With Gopuff,GoPuff,"Belmont, Middlesex County",Belmont,Middlesex County,72731.69,72731.69,contract,adzuna,https://www.adzuna.com/details/5521236137?utm_medium=api&utm_source=516145e7,2025-12-01T06:03:58Z,active,2026-01-08 21:06:08
Clinical Dietitian,Hebrew SeniorLife,"Chelsea, Suffolk County",Chelsea,Suffolk County,87790.66,87790.66,,adzuna,https://www.adzuna.com/details/5564088562?utm_medium=api&utm_source=516145e7,2026-01-01T20:08:31Z,active,2026-01-08 21:06:08
Deliver with Gopuff - Earn Big & Keep 100% of Your Tips,GoPuff,"Arlington, Middlesex County",Arlington,Middlesex County,84542.59,84542.59,contract,adzuna,https://www.adzuna.com/details/5521243735?utm_medium=api&utm_source=516145e7,2025-12-01T06:06:15Z,active,2026-01-08 21:06:08
Clinical Dietitian,Hebrew SeniorLife,"Waban, Middlesex County",Waban,Middlesex County,80660.34,80660.34,,adzuna,https://www.adzuna.com/details/5564088236?utm_medium=api&utm_source=516145e7,2026-01-01T20:08:29Z,active,2026-01-08 21:06:08
Earn Cash with Gopuff In Your Free Time,Gopuff,"Revere Beach, Suffolk County",Revere Beach,Suffolk County,64118.98,64118.98,contract,adzuna,https://www.adzuna.com/details/5523767539?utm_medium=api&utm_source=516145e7,2025-12-02T06:17:57Z,active,2026-01-08 21:06:08
Drive with Gopuff - Choose when you work,Gopuff,"Revere Beach, Suffolk County",Revere Beach,Suffolk County,59174.21,59174.21,contract,adzuna,https://www.adzuna.com/details/5523767988?utm_medium=api&utm_source=516145e7,2025-12-02T06:18:01Z,active,2026-01-08 21:06:08
Deliver with Gopuff on your schedule,Gopuff,"Milton, Norfolk County",Milton,Norfolk County,114285.59,114285.59,contract,adzuna,https://www.adzuna.com/details/5523767117?utm_medium=api&utm_source=516145e7,2025-12-02T06:17:54Z,active,2026-01-08 21:06:08
Clinical Dietitian,Hebrew SeniorLife,"Saugus, Essex County",Saugus,Essex County,109130.93,109130.93,,adzuna,https://www.adzuna.com/details/5564088384?utm_medium=api&utm_source=516145e7,2026-01-01T20:08:30Z,active,2026-01-08 21:06:08
Earn Cash with Gopuff In Your Free Time,Gopuff,"Milton, Norfolk County",Milton,Norfolk County,100875.34,100875.34,contract,adzuna,https://www.adzuna.com/details/5523767821?utm_medium=api&utm_source=516145e7,2025-12-02T06:18:00Z,active,2026-01-08 21:06:08
Deliver with Gopuff on your schedule,Gopuff,"Medford, Middlesex County",Medford,Middlesex County,73660.92,73660.92,contract,adzuna,https://www.adzuna.com/details/5523767196?utm_medium=api&utm_source=516145e7,2025-12-02T06:17:54Z,active,2026-01-08 21:06:08
Gopuff Delivery Driver - Choose when you work,GoPuff,"Arlington, Middlesex County",Arlington,Middlesex County,71220.39,71220.39,contract,adzuna,https://www.adzuna.com/details/5521243739?utm_medium=api&utm_source=516145e7,2025-12-01T06:06:15Z,active,2026-01-08 21:06:08
Deliver with Gopuff on your schedule,Gopuff,"Everett, Middlesex County",Everett,Middlesex County,81329.88,81329.88,contract,adzuna,https://www.adzuna.com/details/5523766992?utm_medium=api&utm_source=516145e7,2025-12-02T06:17:53Z,active,2026-01-08 21:06:08
Clinical Dietitian,Hebrew SeniorLife,"West Lynn, Essex County",West Lynn,Essex County,84379.08,84379.08,,adzuna,https://www.adzuna.com/details/5564088168?utm_medium=api&utm_source=516145e7,2026-01-01T20:08:28Z,active,2026-01-08 21:06:08
Gopuff Delivery Driver Partner,GoPuff,"Watertown, Middlesex County",Watertown,Middlesex County,107004.53,107004.53,contract,adzuna,https://www.adzuna.com/details/5521236214?utm_medium=api&utm_source=516145e7,2025-12-01T06:03:59Z,active,2026-01-08 21:06:08
Clinical Dietitian,Hebrew SeniorLife,"South Boston, Suffolk County",South Boston,Suffolk County,112178.41,112178.41,,adzuna,https://www.adzuna.com/details/5564088177?utm_medium=api&utm_source=516145e7,2026-01-01T20:08:28Z,active,2026-01-08 21:06:08
Drive with Gopuff - Flexible Hours,Gopuff,"Newton Highlands, Middlesex County",Newton Highlands,Middlesex County,58971.86,58971.86,contract,adzuna,https://www.adzuna.com/details/5523767233?utm_medium=api&utm_source=516145e7,2025-12-02T06:17:55Z,active,2026-01-08 21:06:08
Become a Gopuff Driver - Sign Up Today,Gopuff,"Melrose, Middlesex County",Melrose,Middlesex County,70496.72,70496.72,contract,adzuna,https://www.adzuna.com/details/5523767582?utm_medium=api&utm_source=516145e7,2025-12-02T06:17:58Z,active,2026-01-08 21:06:08
Make Your Own Schedule - Deliver With Gopuff,Gopuff,"Winthrop, Suffolk County",Winthrop,Suffolk County,64326.18,64326.18,contract,adzuna,https://www.adzuna.com/details/5523766988?utm_medium=api&utm_source=516145e7,2025-12-02T06:17:53Z,active,2026-01-08 21:06:08
Clinical Dietitian,Hebrew SeniorLife,"Mattapan, Suffolk County",Mattapan,Suffolk County,81263.66,81263.66,,adzuna,https://www.adzuna.com/details/5564088300?utm_medium=api&utm_source=516145e7,2026-01-01T20:08:29Z,active,2026-01-08 21:06:08
Drive With Gopuff,GoPuff,"Winchester, Middlesex County",Winchester,Middlesex County,83677.82,83677.82,contract,adzuna,https://www.adzuna.com/details/5521236102?utm_medium=api&utm_source=516145e7,2025-12-01T06:03:58Z,active,2026-01-08 21:06:08
"1st and 2nd Shift Repair Operator - Wilmington, MA",CHEP,"Medford, Middlesex County",Medford,Middlesex County,81672.34,81672.34,,adzuna,https://www.adzuna.com/details/5512339491?utm_medium=api&utm_source=516145e7,2025-11-25T06:02:17Z,active,2026-01-08 21:06:08
"Gopuff Delivery Driver Partner - No Riders, No Restaurants",GoPuff,"Waltham, Middlesex County",Waltham,Middlesex County,47648.86,47648.86,contract,adzuna,https://www.adzuna.com/details/5521237076?utm_medium=api&utm_source=516145e7,2025-12-01T06:04:11Z,active,2026-01-08 21:06:08
"1st and 2nd Shift Repair Operator - Wilmington, MA",CHEP,"Melrose, Middlesex County",Melrose,Middlesex County,104503.75,104503.75,,adzuna,https://www.adzuna.com/details/5512339485?utm_medium=api&utm_source=516145e7,2025-11-25T06:02:17Z,active,2026-01-08 21:06:08
Drive with Gopuff - Flexible Hours,Gopuff,"Needham, Norfolk County",Needham,Norfolk County,55421.29,55421.29,contract,adzuna,https://www.adzuna.com/details/5523767604?utm_medium=api&utm_source=516145e7,2025-12-02T06:17:58Z,active,2026-01-08 21:06:08
Gopuff Delivery Gigs,GoPuff,"Everett, Middlesex County",Everett,Middlesex County,100247.95,100247.95,contract,adzuna,https://www.adzuna.com/details/5521194657?utm_medium=api&utm_source=516145e7,2025-12-01T05:58:05Z,active,2026-01-08 21:06:08
Gopuff Delivery Driver - Choose when you work,Gopuff,"Melrose, Middlesex County",Melrose,Middlesex County,85000.98,85000.98,contract,adzuna,https://www.adzuna.com/details/5523767644?utm_medium=api&utm_source=516145e7,2025-12-02T06:17:59Z,active,2026-01-08 21:06:08
Need a Side Hustle? Deliver with Gopuff!,GoPuff,"Waltham, Middlesex County",Waltham,Middlesex County,74988.78,74988.78,contract,adzuna,https://www.adzuna.com/details/5521236992?utm_medium=api&utm_source=516145e7,2025-12-01T06:04:09Z,active,2026-01-08 21:06:08
Second Cook,Hebrew SeniorLife,"Malden, Middlesex County",Malden,Middlesex County,58636.16,58636.16,,adzuna,https://www.adzuna.com/details/5545050055?utm_medium=api&utm_source=516145e7,2025-12-16T19:20:40Z,active,2026-01-08 21:06:08
Gopuff Delivery Driver - Choose when you work,GoPuff,"Waltham, Middlesex County",Waltham,Middlesex County,64772.48,64772.48,contract,adzuna,https://www.adzuna.com/details/5521236426?utm_medium=api&utm_source=516145e7,2025-12-01T06:04:02Z,active,2026-01-08 21:06:08
Make Your Own Schedule - Deliver With Gopuff,GoPuff,"South Boston, Suffolk County",South Boston,Suffolk County,66637.15,66637.15,contract,adzuna,https://www.adzuna.com/details/5521236224?utm_medium=api&utm_source=516145e7,2025-12-01T06:03:59Z,active,2026-01-08 21:06:08
"1st and 2nd Shift Repair Operator - Wilmington, MA",CHEP,"West Somerville, Middlesex County",West Somerville,Middlesex County,86471.31,86471.31,,adzuna,https://www.adzuna.com/details/5512339512?utm_medium=api&utm_source=516145e7,2025-11-25T06:02:18Z,active,2026-01-08 21:06:08
Gopuff Delivery Driver,GoPuff,"Stony Brook, Middlesex County",Stony Brook,Middlesex County,65258.4,65258.4,contract,adzuna,https://www.adzuna.com/details/5521236841?utm_medium=api&utm_source=516145e7,2025-12-01T06:04:08Z,active,2026-01-08 21:06:08
Clinical Dietitian,Hebrew SeniorLife,"West Roxbury, Suffolk County",West Roxbury,Suffolk County,103854.88,103854.88,,adzuna,https://www.adzuna.com/details/5564088501?utm_medium=api&utm_source=516145e7,2026-01-01T20:08:30Z,active,2026-01-08 21:06:08
Gopuff Delivery Driver Partner,Gopuff,"Stony Brook, Middlesex County",Stony Brook,Middlesex County,70000.97,70000.97,contract,adzuna,https://www.adzuna.com/details/5523767270?utm_medium=api&utm_source=516145e7,2025-12-02T06:17:55Z,active,2026-01-08 21:06:08
"Deliver Food with Gopuff - No Riders, No Restaurants",GoPuff,"Stony Brook, Middlesex County",Stony Brook,Middlesex County,41793.82,41793.82,contract,adzuna,https://www.adzuna.com/details/5521236833?utm_medium=api&utm_source=516145e7,2025-12-01T06:04:08Z,active,2026-01-08 21:06:08
Earn Money Delivering With Gopuff,GoPuff,"Brookline, Norfolk County",Brookline,Norfolk County,74475.36,74475.36,contract,adzuna,https://www.adzuna.com/details/5521194396?utm_medium=api&utm_source=516145e7,2025-12-01T05:58:03Z,active,2026-01-08 21:06:08
Deliver with Gopuff,Gopuff,"Newton Highlands, Middlesex County",Newton Highlands,Middlesex County,69772.36,69772.36,contract,adzuna,https://www.adzuna.com/details/5523767458?utm_medium=api&utm_source=516145e7,2025-12-02T06:17:56Z,active,2026-01-08 21:06:08
Clinical Dietitian,Hebrew SeniorLife,"Norfolk Downs, Norfolk County",Norfolk Downs,Norfolk County,92597.91,92597.91,,adzuna,https://www.adzuna.com/details/5564088206?utm_medium=api&utm_source=516145e7,2026-01-01T20:08:28Z,active,2026-01-08 21:06:08
Deliver with Gopuff,GoPuff,"Winchester, Middlesex County",Winchester,Middlesex County,99006.73,99006.73,contract,adzuna,https://www.adzuna.com/details/5521236987?utm_medium=api&utm_source=516145e7,2025-12-01T06:04:09Z,active,2026-01-08 21:06:08
Gopuff Delivery Driver Gigs,Gopuff,"Everett, Middlesex County",Everett,Middlesex County,100553.2,100553.2,contract,adzuna,https://www.adzuna.com/details/5523767026?utm_medium=api&utm_source=516145e7,2025-12-02T06:17:53Z,active,2026-01-08 21:06:08
Gopuff Delivery Driver,Gopuff,"Dedham, Norfolk County",Dedham,Norfolk County,64771.93,64771.93,contract,adzuna,https://www.adzuna.com/details/5523767372?utm_medium=api&utm_source=516145e7,2025-12-02T06:17:56Z,active,2026-01-08 21:06:08
Deliver with Gopuff on your schedule,Gopuff,"Brookline, Norfolk County",Brookline,Norfolk County,77097.54,77097.54,contract,adzuna,https://www.adzuna.com/details/5523767013?utm_medium=api&utm_source=516145e7,2025-12-02T06:17:53Z,active,2026-01-08 21:06:08
Rehab Liaison,Encompass Health Rehabilitation Hospital of New England,"South Waltham, Middlesex County",South Waltham,Middlesex County,55651.57,55651.57,,adzuna,https://www.adzuna.com/details/5564011304?utm_medium=api&utm_source=516145e7,2026-01-01T19:57:46Z,active,2026-01-08 21:06:08
Mobile Veterinarian,Lap of Love,"Dorchester Center, Suffolk County",Dorchester Center,Suffolk County,119403.27,119403.27,,adzuna,https://www.adzuna.com/details/5572864319?utm_medium=api&utm_source=516145e7,2026-01-07T19:40:06Z,active,2026-01-08 21:06:08
Patient Care Associate II,Hebrew SeniorLife,"Dedham, Norfolk County",Dedham,Norfolk County,48265.23,48265.23,,adzuna,https://www.adzuna.com/details/5489853293?utm_medium=api&utm_source=516145e7,2025-11-10T15:30:52Z,active,2026-01-08 21:06:08
Drive with Gopuff - Flexible Hours,GoPuff,"Waltham, Middlesex County",Waltham,Middlesex County,57425.21,57425.21,contract,adzuna,https://www.adzuna.com/details/5521236350?utm_medium=api&utm_source=516145e7,2025-12-01T06:04:01Z,active,2026-01-08 21:06:08
Drive With Gopuff,GoPuff,"Revere Beach, Suffolk County",Revere Beach,Suffolk County,59778.52,59778.52,contract,adzuna,https://www.adzuna.com/details/5523766932?utm_medium=api&utm_source=516145e7,2025-12-02T06:17:52Z,active,2026-01-08 21:06:08
Make Your Own Schedule - Deliver With Gopuff,GoPuff,"Stony Brook, Middlesex County",Stony Brook,Middlesex County,61777.93,61777.93,contract,adzuna,https://www.adzuna.com/details/5521236392?utm_medium=api&utm_source=516145e7,2025-12-01T06:04:02Z,active,2026-01-08 21:06:08
Become a Gopuff Driver - Flexible Schedule,GoPuff,"Arlington, Middlesex County",Arlington,Middlesex County,65342.91,65342.91,contract,adzuna,https://www.adzuna.com/details/5521243749?utm_medium=api&utm_source=516145e7,2025-12-01T06:06:16Z,active,2026-01-08 21:06:08
Winthrop Dog Walker,Marathon Mutts,"Winthrop, Suffolk County",Winthrop,Suffolk County,36465.91,36465.91,,adzuna,https://www.adzuna.com/details/5569334012?utm_medium=api&utm_source=516145e7,2026-01-05T20:35:51Z,active,2026-01-08 21:06:08
Rehab Liaison,Encompass Health Rehabilitation Hospital of New England,"Medford, Middlesex County",Medford,Middlesex County,73829.5,73829.5,,adzuna,https://www.adzuna.com/details/5564011329?utm_medium=api&utm_source=516145e7,2026-01-01T19:57:46Z,active,2026-01-08 21:06:08
Gopuff Delivery Gigs,GoPuff,"Stony Brook, Middlesex County",Stony Brook,Middlesex County,79638.62,79638.62,contract,adzuna,https://www.adzuna.com/details/5521236624?utm_medium=api&utm_source=516145e7,2025-12-01T06:04:05Z,active,2026-01-08 21:06:08
Drive with Gopuff - Choose when you work,Gopuff,"Needham, Norfolk County",Needham,Norfolk County,56464.43,56464.43,contract,adzuna,https://www.adzuna.com/details/5523767416?utm_medium=api&utm_source=516145e7,2025-12-02T06:17:56Z,active,2026-01-08 21:06:08
Earn Extra Cash as a Local Delivery Driver,GoPuff,"East Boston, Suffolk County",East Boston,Suffolk County,75351.16,75351.16,contract,adzuna,https://www.adzuna.com/details/5521194484?utm_medium=api&utm_source=516145e7,2025-12-01T05:58:04Z,active,2026-01-08 21:06:08
Senior Internal Technology Auditor,Symbotic,"West Somerville, Middlesex County",West Somerville,Middlesex County,143961.64,143961.64,,adzuna,https://www.adzuna.com/details/5570739151?utm_medium=api&utm_source=516145e7,2026-01-06T19:46:00Z,active,2026-01-08 21:06:08
Senior Internal Auditor,Symbotic,"Winter Hill, Middlesex County",Winter Hill,Middlesex County,151788.81,151788.81,,adzuna,https://www.adzuna.com/details/5570739407?utm_medium=api&utm_source=516145e7,2026-01-06T19:46:03Z,active,2026-01-08 21:06:08
Gopuff Delivery Gigs,GoPuff,"North Waltham, Middlesex County",North Waltham,Middlesex County,82759.91,82759.91,contract,adzuna,https://www.adzuna.com/details/5521236147?utm_medium=api&utm_source=516145e7,2025-12-01T06:03:58Z,active,2026-01-08 21:06:08
Need a Side Hustle? Deliver with Gopuff!,Gopuff,"Boston, Suffolk County",Boston,Suffolk County,79222.15,79222.15,contract,adzuna,https://www.adzuna.com/details/5533373239?utm_medium=api&utm_source=516145e7,2025-12-08T06:09:54Z,active,2026-01-08 21:06:08
Become a Gopuff Driver - Flexible Schedule,Gopuff,"Everett, Middlesex County",Everett,Middlesex County,67293.53,67293.53,contract,adzuna,https://www.adzuna.com/details/5533371624?utm_medium=api&utm_source=516145e7,2025-12-08T06:08:11Z,active,2026-01-08 21:06:08
Senior Internal Auditor,Symbotic,"North Cambridge, Middlesex County",North Cambridge,Middlesex County,126035.63,126035.63,,adzuna,https://www.adzuna.com/details/5570739400?utm_medium=api&utm_source=516145e7,2026-01-06T19:46:03Z,active,2026-01-08 21:06:08
Need a Side Hustle? Deliver with Gopuff!,GoPuff,"Saugus, Essex County",Saugus,Essex County,93945.94,93945.94,contract,adzuna,https://www.adzuna.com/details/5521194707?utm_medium=api&utm_source=516145e7,2025-12-01T05:58:06Z,active,2026-01-08 21:06:08
Senior Staff Accountant,Symbotic,"Melrose, Middlesex County",Melrose,Middlesex County,148391.03,148391.03,,adzuna,https://www.adzuna.com/details/5570739384?utm_medium=api&utm_source=516145e7,2026-01-06T19:46:03Z,active,2026-01-08 21:06:08
Drive With Gopuff,Gopuff,"Everett, Middlesex County",Everett,Middlesex County,66926.93,66926.93,contract,adzuna,https://www.adzuna.com/details/5523767201?utm_medium=api&utm_source=516145e7,2025-12-02T06:17:54Z,active,2026-01-08 21:06:08
Earn Money Delivering With Gopuff,Gopuff,"Everett, Middlesex County",Everett,Middlesex County,78563.66,78563.66,contract,adzuna,https://www.adzuna.com/details/5523767512?utm_medium=api&utm_source=516145e7,2025-12-02T06:17:57Z,active,2026-01-08 21:06:08
Senior Reporting Specialist – R&D,Symbotic,"East Arlington, Middlesex County",East Arlington,Middlesex County,101431.66,101431.66,,adzuna,https://www.adzuna.com/details/5570739335?utm_medium=api&utm_source=516145e7,2026-01-06T19:46:03Z,active,2026-01-08 21:06:08
Deliver with Gopuff on your schedule,Gopuff,"Newton Highlands, Middlesex County",Newton Highlands,Middlesex County,73756.95,73756.95,contract,adzuna,https://www.adzuna.com/details/5523767218?utm_medium=api&utm_source=516145e7,2025-12-02T06:17:55Z,active,2026-01-08 21:06:08
Component Engineer 4,Experis,"Auburndale, Middlesex County",Auburndale,Middlesex County,135986.98,135986.98,contract,adzuna,https://www.adzuna.com/details/5563963887?utm_medium=api&utm_source=516145e7,2026-01-01T19:44:45Z,active,2026-01-08 21:06:08
Earn Money Delivering With Gopuff,GoPuff,"Revere Beach, Suffolk County",Revere Beach,Suffolk County,70172.21,70172.21,contract,adzuna,https://www.adzuna.com/details/5523767993?utm_medium=api&utm_source=516145e7,2025-12-02T06:18:01Z,active,2026-01-08 21:06:08
Need a Gig? Deliver with Gopuff!,Gopuff,"Needham, Norfolk County",Needham,Norfolk County,81404.45,81404.45,contract,adzuna,https://www.adzuna.com/details/5523767431?utm_medium=api&utm_source=516145e7,2025-12-02T06:17:56Z,active,2026-01-08 21:06:08
Gopuff Delivery Driver Partner,GoPuff,"North Waltham, Middlesex County",North Waltham,Middlesex County,72744.45,72744.45,contract,adzuna,https://www.adzuna.com/details/5521236714?utm_medium=api&utm_source=516145e7,2025-12-01T06:04:06Z,active,2026-01-08 21:06:08
"Gopuff Delivery Driver Partner - No Riders, No Restaurants",GoPuff,"North Waltham, Middlesex County",North Waltham,Middlesex County,44543.59,44543.59,contract,adzuna,https://www.adzuna.com/details/5521236358?utm_medium=api&utm_source=516145e7,2025-12-01T06:04:01Z,active,2026-01-08 21:06:08
Experienced Administrative Coordinator (3 Years Required | Travel & Expense Focus),ProPivotal,"Cambridgeport, Middlesex County",Cambridgeport,Middlesex County,64552.83,64552.83,,adzuna,https://www.adzuna.com/details/5555938522?utm_medium=api&utm_source=516145e7,2025-12-25T15:13:01Z,active,2026-01-08 21:06:08
Clinical Dietitian,Hebrew SeniorLife,"Arlington, Middlesex County",Arlington,Middlesex County,95781.22,95781.22,,adzuna,https://www.adzuna.com/details/5564088185?utm_medium=api&utm_source=516145e7,2026-01-01T20:08:28Z,active,2026-01-08 21:06:08
"1st and 2nd Shift Repair Operator - Wilmington, MA",CHEP,"Winchester, Middlesex County",Winchester,Middlesex County,112744.69,112744.69,,adzuna,https://www.adzuna.com/details/5512339530?utm_medium=api&utm_source=516145e7,2025-11-25T06:02:18Z,active,2026-01-08 21:06:08
Full Time & Part Time Nannies Needed,"Jovie of Boston, Andover, North Shore and New Hampshire","Quincy, Norfolk County",Quincy,Norfolk County,44545.46,44545.46,contract,adzuna,https://www.adzuna.com/details/5500325580?utm_medium=api&utm_source=516145e7,2025-11-17T09:06:32Z,active,2026-01-08 21:06:08
Physical Therapy Aide,Professional Physical Therapy,"Medford, Middlesex County",Medford,Middlesex County,16.0,16.0,,adzuna,https://www.adzuna.com/details/5525194406?utm_medium=api&utm_source=516145e7,2025-12-02T22:11:16Z,active,2026-01-08 21:06:08
Life Insurance Underwriting Director,Winged Keel Group,"Boston, Suffolk County",Boston,Suffolk County,141002.12,141002.12,,adzuna,https://www.adzuna.com/details/5494793902?utm_medium=api&utm_source=516145e7,2025-11-13T18:35:47Z,active,2026-01-08 21:06:08
VIE - Supply & ADV (H/F),Withings,"Boston, Suffolk County",Boston,Suffolk County,61620.24,61620.24,,adzuna,https://www.adzuna.com/details/5530059444?utm_medium=api&utm_source=516145e7,2025-12-05T16:46:41Z,active,2026-01-08 21:06:08
Audit Manager,gpac,"Dorchester Center, Suffolk County",Dorchester Center,Suffolk County,100000.0,160000.0,,adzuna,https://www.adzuna.com/details/5560756571?utm_medium=api&utm_source=516145e7,2025-12-31T00:53:59Z,active,2026-01-08 21:06:08
Bartender - Dorchester,Sally’s Apizza,"Dorchester, Suffolk County",Dorchester,Suffolk County,33094.6,33094.6,,adzuna,https://www.adzuna.com/details/5534723882?utm_medium=api&utm_source=516145e7,2025-12-09T11:54:39Z,active,2026-01-08 21:06:08
Clinical Dietitian,Hebrew SeniorLife,"Allston, Suffolk County",Allston,Suffolk County,75980.19,75980.19,,adzuna,https://www.adzuna.com/details/5564088472?utm_medium=api&utm_source=516145e7,2026-01-01T20:08:30Z,active,2026-01-08 21:06:08
Become a Gopuff Driver - Sign Up Today,GoPuff,"Arlington, Middlesex County",Arlington,Middlesex County,59067.6,59067.6,contract,adzuna,https://www.adzuna.com/details/5521243750?utm_medium=api&utm_source=516145e7,2025-12-01T06:06:16Z,active,2026-01-08 21:06:08
Licensed Practical Nurse,Chelsea Jewish Lifecare,"Chelsea, Suffolk County",Chelsea,Suffolk County,76960.0,95680.0,,adzuna,https://www.adzuna.com/details/5549958879?utm_medium=api&utm_source=516145e7,2025-12-20T13:24:48Z,active,2026-01-08 21:06:08
Project Consultant - Residential Remodeling (In-Home Sales),Tom Curren Companies,"Auburndale, Middlesex County",Auburndale,Middlesex County,50000.0,50000.0,,adzuna,https://www.adzuna.com/details/5570529914?utm_medium=api&utm_source=516145e7,2026-01-06T15:47:18Z,active,2026-01-08 21:06:08
"Assistant Professor, Architecture",Wentworth Institute of Technology,"Boston, Suffolk County",Boston,Suffolk County,109379.54,109379.54,,adzuna,https://www.adzuna.com/details/5492312584?utm_medium=api&utm_source=516145e7,2025-11-12T08:27:38Z,active,2026-01-08 21:06:08
Postdoc/Research Fellow AI-Driven Computational Biology for CNS Drug Discovery and Delivery,Massachusetts General Physicians Organization,"Boston, Suffolk County",Boston,Suffolk County,85944.32,85944.32,,adzuna,https://www.adzuna.com/details/5555359569?utm_medium=api&utm_source=516145e7,2025-12-25T12:41:01Z,active,2026-01-08 21:06:08
Real Estate Controller,ProPivotal,"Boston, Suffolk County",Boston,Suffolk County,151982.61,151982.61,,adzuna,https://www.adzuna.com/details/5544846436?utm_medium=api&utm_source=516145e7,2025-12-16T15:05:51Z,active,2026-01-08 21:06:08
"Associate Medical Director, Population Health Informatics",Boston Medical Center,"Boston, Suffolk County",Boston,Suffolk County,213.0,375.0,contract,adzuna,https://www.adzuna.com/details/5485672877?utm_medium=api&utm_source=516145e7,2025-11-07T10:59:59Z,active,2026-01-08 21:06:08
Drive with Gopuff - Flexible Hours,GoPuff,"New Town, Middlesex County",New Town,Middlesex County,73792.12,73792.12,contract,adzuna,https://www.adzuna.com/details/5521236652?utm_medium=api&utm_source=516145e7,2025-12-01T06:04:05Z,active,2026-01-08 21:06:08
Commercial Roofing Technician,Rust-Oleum Corporation,"Boston, Suffolk County",Boston,Suffolk County,46248.98,46248.98,permanent,adzuna,https://www.adzuna.com/details/5572802325?utm_medium=api&utm_source=516145e7,2026-01-07T19:23:26Z,active,2026-01-08 21:06:08
Certified Nursing Assistant,ProPivotal,"Chelsea, Suffolk County",Chelsea,Suffolk County,50308.71,50308.71,,adzuna,https://www.adzuna.com/details/5568870123?utm_medium=api&utm_source=516145e7,2026-01-05T16:00:50Z,active,2026-01-08 21:06:08
Senior Staff Accountant,Symbotic,"Woburn, Middlesex County",Woburn,Middlesex County,105661.02,105661.02,,adzuna,https://www.adzuna.com/details/5570739163?utm_medium=api&utm_source=516145e7,2026-01-06T19:46:01Z,active,2026-01-08 21:06:08
Customer Success Coordinator (Compliance) Entry level,HireVenture,"Medford, Middlesex County",Medford,Middlesex County,33667.48,33667.48,,adzuna,https://www.adzuna.com/details/5534211811?utm_medium=api&utm_source=516145e7,2025-12-08T21:40:56Z,active,2026-01-08 21:06:08
"CIT Director, Camp Kaleidoscope, Summer Day Camp",JCC Greater Boston,"Newton, Middlesex County",Newton,Middlesex County,34501.34,34501.34,contract,adzuna,https://www.adzuna.com/details/5500720783?utm_medium=api&utm_source=516145e7,2025-11-17T14:16:01Z,active,2026-01-08 21:06:08
Assistant Aquatics Director,JCC Greater Boston,"Newton Highlands, Middlesex County",Newton Highlands,Middlesex County,60013.86,60013.86,,adzuna,https://www.adzuna.com/details/5507667528?utm_medium=api&utm_source=516145e7,2025-11-21T11:54:44Z,active,2026-01-08 21:06:08
Senior Reporting Specialist – R&D,Symbotic,"Stoneham, Middlesex County",Stoneham,Middlesex County,124514.53,124514.53,,adzuna,https://www.adzuna.com/details/5570739347?utm_medium=api&utm_source=516145e7,2026-01-06T19:46:03Z,active,2026-01-08 21:06:08
Xfinity Retail Sales Associate - Saugus,Blufox Mobile,"Saugus, Essex County",Saugus,Essex County,45000.0,65000.0,,adzuna,https://www.adzuna.com/details/4497539479?utm_medium=api&utm_source=516145e7,2023-12-26T17:27:20Z,active,2026-01-08 21:06:08
Sales Associate,Marine Layer Pbc,"Boston, Suffolk County",Boston,Suffolk County,49665.3,49665.3,,adzuna,https://www.adzuna.com/details/4870693948?utm_medium=api&utm_source=516145e7,2024-09-20T09:36:16Z,active,2026-01-08 21:06:08
Dispensary Associate-PT (Friend St),Ascend Wellness Holdings,"Boston, Suffolk County",Boston,Suffolk County,37440.0,37440.0,,adzuna,https://www.adzuna.com/details/5563393465?utm_medium=api&utm_source=516145e7,2026-01-01T14:28:30Z,active,2026-01-08 21:06:08
"Director, Program Leadership & Management",Deciphera Pharmaceuticals,"Waltham, Middlesex County",Waltham,Middlesex County,193762.95,193762.95,,adzuna,https://www.adzuna.com/details/5539220052?utm_medium=api&utm_source=516145e7,2025-12-12T02:01:48Z,active,2026-01-08 21:06:08
"Deliver Food with Gopuff - No Riders, No Restaurants",Gopuff,"Winthrop, Suffolk County",Winthrop,Suffolk County,43517.72,43517.72,contract,adzuna,https://www.adzuna.com/details/5523767789?utm_medium=api&utm_source=516145e7,2025-12-02T06:18:00Z,active,2026-01-08 21:06:08
Work At Home Focus Group Panel. Call Center Agent Experience Not Require,ApexFocusGroup,"East Boston, Suffolk County",East Boston,Suffolk County,16000.0,36000.0,,adzuna,https://www.adzuna.com/details/5552937455?utm_medium=api&utm_source=516145e7,2025-12-23T06:11:44Z,active,2026-01-08 21:06:08
Front Desk Representative,Encore Boston Harbor,"Everett, Middlesex County",Everett,Middlesex County,24622.59,24622.59,,adzuna,https://www.adzuna.com/details/5571121811?utm_medium=api&utm_source=516145e7,2026-01-07T01:55:02Z,active,2026-01-08 21:06:08
E- commerce Project Manager/ Scrum Master,OmegaHires,"Boston, Suffolk County",Boston,Suffolk County,119787.41,119787.41,contract,adzuna,https://www.adzuna.com/details/5552392175?utm_medium=api&utm_source=516145e7,2025-12-22T18:02:41Z,active,2026-01-08 21:06:08
Account Executive - Signature Brands,Genetec,"Boston, Suffolk County",Boston,Suffolk County,57394.32,57394.32,,adzuna,https://www.adzuna.com/details/5572901246?utm_medium=api&utm_source=516145e7,2026-01-07T19:53:57Z,active,2026-01-08 21:06:08
Principal / Lead Fullstack Engineer,AllSpice,"Boston, Suffolk County",Boston,Suffolk County,128933.95,128933.95,,adzuna,https://www.adzuna.com/details/5444429299?utm_medium=api&utm_source=516145e7,2025-10-12T11:56:42Z,active,2026-01-08 21:06:08
"HISTORY INSTRUCTOR, BU Academy",Boston University,"Boston, Suffolk County",Boston,Suffolk County,51749.05,51749.05,,adzuna,https://www.adzuna.com/details/5472433755?utm_medium=api&utm_source=516145e7,2025-10-31T07:03:08Z,active,2026-01-08 21:06:08
Financial Reporting Specialist $100k/yr,ProPivotal,"Boston, Suffolk County",Boston,Suffolk County,100000.0,100000.0,,adzuna,https://www.adzuna.com/details/5541528454?utm_medium=api&utm_source=516145e7,2025-12-13T14:55:06Z,active,2026-01-08 21:06:08
Registered Behavior Technician RBT/BT - Full-Time,ICBD,"Wellesley Hills, Norfolk County",Wellesley Hills,Norfolk County,52000.0,52000.0,,adzuna,https://www.adzuna.com/details/5512925804?utm_medium=api&utm_source=516145e7,2025-11-25T11:00:05Z,active,2026-01-08 21:06:08
Resident Hair Specialist/Licensed Cosmetologist,Resident Salon Services,"Dedham, Norfolk County",Dedham,Norfolk County,65028.29,65028.29,,adzuna,https://www.adzuna.com/details/5508427564?utm_medium=api&utm_source=516145e7,2025-11-21T15:50:56Z,active,2026-01-08 21:06:08
Shipping & Receiving,TALENIQUE INC,"Watertown, Middlesex County",Watertown,Middlesex County,33773.96,33773.96,,adzuna,https://www.adzuna.com/details/5491810816?utm_medium=api&utm_source=516145e7,2025-11-12T06:52:15Z,active,2026-01-08 21:06:08
"Soccer Coach / Instructor, JCC Sports Camp, Summer Day Camp",JCC Greater Boston,"Newton, Middlesex County",Newton,Middlesex County,28598.36,28598.36,contract,adzuna,https://www.adzuna.com/details/5500720711?utm_medium=api&utm_source=516145e7,2025-11-17T14:16:00Z,active,2026-01-08 21:06:08
Bilingual Funding Associate,First Help Financial,"Needham, Norfolk County",Needham,Norfolk County,28785.46,28785.46,,adzuna,https://www.adzuna.com/details/5540327319?utm_medium=api&utm_source=516145e7,2025-12-12T15:42:16Z,active,2026-01-08 21:06:08
Gopuff Delivery Driver - Choose when you work,GoPuff,"Belmont, Middlesex County",Belmont,Middlesex County,68598.98,68598.98,contract,adzuna,https://www.adzuna.com/details/5521236155?utm_medium=api&utm_source=516145e7,2025-12-01T06:03:58Z,active,2026-01-08 21:06:08
Quantitative Researcher (Private Equity Co-Investments),Selby Jennings,"Boston, Suffolk County",Boston,Suffolk County,200000.0,240000.0,permanent,adzuna,https://www.adzuna.com/details/5546411693?utm_medium=api&utm_source=516145e7,2025-12-17T19:10:47Z,active,2026-01-08 21:06:08
Office Manager & Administrative Coordinator,Veracross,"Wakefield, Middlesex County",Wakefield,Middlesex County,90520.36,90520.36,,adzuna,https://www.adzuna.com/details/5449191764?utm_medium=api&utm_source=516145e7,2025-10-15T19:31:06Z,active,2026-01-08 21:06:08
Rehab Liaison,Encompass Health Rehabilitation Hospital of New England,"Newton, Middlesex County",Newton,Middlesex County,80353.3,80353.3,,adzuna,https://www.adzuna.com/details/5564011307?utm_medium=api&utm_source=516145e7,2026-01-01T19:57:46Z,active,2026-01-08 21:06:08
"Scientific Business Analyst, Scientific AI- Boston",TetraScience,"Boston, Suffolk County",Boston,Suffolk County,104803.96,104803.96,,adzuna,https://www.adzuna.com/details/5101396583?utm_medium=api&utm_source=516145e7,2025-03-19T13:02:06Z,active,2026-01-08 21:06:08
"Medical Director, Newborn Nursery",Boston Medical Center,"Boston, Suffolk County",Boston,Suffolk County,129472.04,129472.04,,adzuna,https://www.adzuna.com/details/5057011527?utm_medium=api&utm_source=516145e7,2025-02-19T20:36:55Z,active,2026-01-08 21:06:08
Senior Staff Accountant,Symbotic,"Winchester, Middlesex County",Winchester,Middlesex County,160092.52,160092.52,,adzuna,https://www.adzuna.com/details/5570739160?utm_medium=api&utm_source=516145e7,2026-01-06T19:46:00Z,active,2026-01-08 21:06:08
Rehab Liaison,Encompass Health Rehabilitation Hospital of New England,"Reading, Middlesex County",Reading,Middlesex County,56099.82,56099.82,,adzuna,https://www.adzuna.com/details/5564011297?utm_medium=api&utm_source=516145e7,2026-01-01T19:57:46Z,active,2026-01-08 21:06:08
Head of Growth Marketing,Bevi,"Boston, Suffolk County",Boston,Suffolk County,209100.0,258300.0,,adzuna,https://www.adzuna.com/details/5540431829?utm_medium=api&utm_source=516145e7,2025-12-12T19:05:09Z,active,2026-01-08 21:06:08
Deliver with Gopuff on your schedule,GoPuff,"Winchester, Middlesex County",Winchester,Middlesex County,101685.52,101685.52,contract,adzuna,https://www.adzuna.com/details/5521236337?utm_medium=api&utm_source=516145e7,2025-12-01T06:04:01Z,active,2026-01-08 21:06:08
Optometrists - NW/ Central Connecticut private practice,imatters,"Boston, Suffolk County",Boston,Suffolk County,151777.66,151777.66,,adzuna,https://www.adzuna.com/details/5208073368?utm_medium=api&utm_source=516145e7,2025-05-20T15:42:22Z,active,2026-01-08 21:06:08
PRN Speech Language Pathologist SLP,Stern Therapy Consultants,"Quincy, Norfolk County",Quincy,Norfolk County,124800.0,124800.0,,adzuna,https://www.adzuna.com/details/5439103385?utm_medium=api&utm_source=516145e7,2025-10-09T08:09:47Z,active,2026-01-08 21:06:08
Staff Nurse LPN- PT Days,Hebrew SeniorLife,"South Boston, Suffolk County",South Boston,Suffolk County,125544.86,125544.86,,adzuna,https://www.adzuna.com/details/5521378739?utm_medium=api&utm_source=516145e7,2025-12-01T06:30:36Z,active,2026-01-08 21:06:08
Azure Data Factory,Inherent Technologies,"South Waltham, Middlesex County",South Waltham,Middlesex County,80461.96,80461.96,,adzuna,https://www.adzuna.com/details/5570542584?utm_medium=api&utm_source=516145e7,2026-01-06T16:03:56Z,active,2026-01-08 21:06:08
PRN Occupational Therapist OT,Stern Therapy Consultants,"Quincy, Norfolk County",Quincy,Norfolk County,114400.0,114400.0,,adzuna,https://www.adzuna.com/details/5531361467?utm_medium=api&utm_source=516145e7,2025-12-06T12:39:06Z,active,2026-01-08 21:06:08
Senior Real Estate Accountant (Commercial),ProPivotal,"Cambridgeport, Middlesex County",Cambridgeport,Middlesex County,112540.91,112540.91,,adzuna,https://www.adzuna.com/details/5549182399?utm_medium=api&utm_source=516145e7,2025-12-19T14:59:13Z,active,2026-01-08 21:06:08
"Sports Instructor, School Break Camps",JCC Greater Boston,"Newton, Middlesex County",Newton,Middlesex County,28774.54,28774.54,,adzuna,https://www.adzuna.com/details/5459940194?utm_medium=api&utm_source=516145e7,2025-10-22T19:41:07Z,active,2026-01-08 21:06:08
Drafter,Gpac,"Boston, Suffolk County",Boston,Suffolk County,60000.0,100000.0,,adzuna,https://www.adzuna.com/details/5566859021?utm_medium=api&utm_source=516145e7,2026-01-04T01:02:59Z,active,2026-01-08 21:06:08
"Property Management Relationship Manager, VP",Northern Bank,"Woburn, Middlesex County",Woburn,Middlesex County,102790.2,102790.2,,adzuna,https://www.adzuna.com/details/5572690775?utm_medium=api&utm_source=516145e7,2026-01-07T16:49:43Z,active,2026-01-08 21:06:08
Crumbl Cookies Evening Baker,Crumbl Cookies - Woburn,"Woburn, Middlesex County",Woburn,Middlesex County,35360.0,41600.0,,adzuna,https://www.adzuna.com/details/5570175319?utm_medium=api&utm_source=516145e7,2026-01-06T13:57:54Z,active,2026-01-08 21:06:08
Gopuff Delivery Driver - Choose when you work,GoPuff,"Watertown, Middlesex County",Watertown,Middlesex County,84713.38,84713.38,contract,adzuna,https://www.adzuna.com/details/5521236149?utm_medium=api&utm_source=516145e7,2025-12-01T06:03:58Z,active,2026-01-08 21:06:08
Bridge Inspection Group Manager/ Team Lead,H&H,"Boston, Suffolk County",Boston,Suffolk County,110000.0,165000.0,,adzuna,https://www.adzuna.com/details/5381330173?utm_medium=api&utm_source=516145e7,2025-09-03T13:37:50Z,active,2026-01-08 21:06:08
Data Science Developer,PaxeraHealth,"Newton, Middlesex County",Newton,Middlesex County,162703.27,162703.27,,adzuna,https://www.adzuna.com/details/4268425893?utm_medium=api&utm_source=516145e7,2023-08-19T18:56:05Z,active,2026-01-08 21:06:08
Engineer – E2E Pivotal Drug Substance Development (JP13969),3 Key Consulting,"Cambridge, Middlesex County",Cambridge,Middlesex County,74880.0,85280.0,contract,adzuna,https://www.adzuna.com/details/5157454033?utm_medium=api&utm_source=516145e7,2025-04-23T01:12:55Z,active,2026-01-08 21:06:08
Audit Manager,Gpac,"Wakefield, Middlesex County",Wakefield,Middlesex County,100000.0,150000.0,permanent,adzuna,https://www.adzuna.com/details/5562098853?utm_medium=api&utm_source=516145e7,2026-01-01T01:02:16Z,active,2026-01-08 21:06:08
Founding Lead Preschool Teacher,The Croft School,"Cambridge, Middlesex County",Cambridge,Middlesex County,53266.27,53266.27,,adzuna,https://www.adzuna.com/details/5400561865?utm_medium=api&utm_source=516145e7,2025-09-15T17:06:07Z,active,2026-01-08 21:06:08
Solutions Engineer,Privy,"Boston, Suffolk County",Boston,Suffolk County,120000.0,150000.0,,adzuna,https://www.adzuna.com/details/5478814048?utm_medium=api&utm_source=516145e7,2025-11-03T15:49:11Z,active,2026-01-08 21:06:08
Team Member,Clover Food Lab,"Cambridge, Middlesex County",Cambridge,Middlesex County,43428.17,43428.17,,adzuna,https://www.adzuna.com/details/5543523982?utm_medium=api&utm_source=516145e7,2025-12-15T16:44:54Z,active,2026-01-08 21:06:08
Senior Transit Planner,Toole Design,"Boston, Suffolk County",Boston,Suffolk County,95000.0,119000.0,,adzuna,https://www.adzuna.com/details/5539741308?utm_medium=api&utm_source=516145e7,2025-12-12T13:31:15Z,active,2026-01-08 21:06:08
Physical Therapist,Bravo Recruiting Solutions Corp,"Boston, Suffolk County",Boston,Suffolk County,87935.46,87935.46,,adzuna,https://www.adzuna.com/details/4996775784?utm_medium=api&utm_source=516145e7,2025-01-03T12:29:26Z,active,2026-01-08 21:06:08
"Engineer, Electrical",JB&B,"Boston, Suffolk County",Boston,Suffolk County,102780.7,102780.7,,adzuna,https://www.adzuna.com/details/5406059190?utm_medium=api&utm_source=516145e7,2025-09-18T21:14:29Z,active,2026-01-08 21:06:08
Inclusionary Housing Program Manager,City of Somerville,"Somerville, Middlesex County",Somerville,Middlesex County,101187.52,101187.52,,adzuna,https://www.adzuna.com/details/5552551157?utm_medium=api&utm_source=516145e7,2025-12-22T20:12:09Z,active,2026-01-08 21:06:08
Gopuff Delivery Driver - Choose when you work,Gopuff,"Newton Highlands, Middlesex County",Newton Highlands,Middlesex County,66516.96,66516.96,contract,adzuna,https://www.adzuna.com/details/5523766936?utm_medium=api&utm_source=516145e7,2025-12-02T06:17:52Z,active,2026-01-08 21:06:08
Metrologist Group Leader - Relocation Opportunity to Indianapolis,Eurofins,"Boston, Suffolk County",Boston,Suffolk County,78589.52,78589.52,permanent,adzuna,https://www.adzuna.com/details/5569144607?utm_medium=api&utm_source=516145e7,2026-01-05T19:21:30Z,active,2026-01-08 21:06:08
Financial Reporting Associate,ProPivotal,"Boston, Suffolk County",Boston,Suffolk County,115494.44,115494.44,,adzuna,https://www.adzuna.com/details/5558577097?utm_medium=api&utm_source=516145e7,2025-12-28T15:19:57Z,active,2026-01-08 21:06:08
Various Internships Available,The Theater Offensive,"Boston, Suffolk County",Boston,Suffolk County,44830.49,44830.49,contract,adzuna,https://www.adzuna.com/details/4816890313?utm_medium=api&utm_source=516145e7,2024-08-08T09:42:30Z,active,2026-01-08 21:06:08
Drive With Gopuff,GoPuff,"Newton Highlands, Middlesex County",Newton Highlands,Middlesex County,60695.23,60695.23,contract,adzuna,https://www.adzuna.com/details/5521222994?utm_medium=api&utm_source=516145e7,2025-12-01T06:02:07Z,active,2026-01-08 21:06:08
Regional Sales Manager,SPT Labtech,"Boston, Suffolk County",Boston,Suffolk County,128352.43,128352.43,,adzuna,https://www.adzuna.com/details/5492670267?utm_medium=api&utm_source=516145e7,2025-11-12T14:44:39Z,active,2026-01-08 21:06:08
PTA - Rehab - Travel,core hire llc,"Revere Beach, Suffolk County",Revere Beach,Suffolk County,64185.0,64185.0,,adzuna,https://www.adzuna.com/details/5482511721?utm_medium=api&utm_source=516145e7,2025-11-05T12:55:48Z,active,2026-01-08 21:06:08
Commercial Loan Servicing Specialist,Northern Bank,"Woburn, Middlesex County",Woburn,Middlesex County,66407.62,66407.62,,adzuna,https://www.adzuna.com/details/5540384661?utm_medium=api&utm_source=516145e7,2025-12-12T18:20:36Z,active,2026-01-08 21:06:08
Drive with Gopuff - Flexible Hours,GoPuff,"Medford, Middlesex County",Medford,Middlesex County,58895.14,58895.14,contract,adzuna,https://www.adzuna.com/details/5523767779?utm_medium=api&utm_source=516145e7,2025-12-02T06:18:00Z,active,2026-01-08 21:06:08
Channel Success Manager NORAM  LATAM,Ravelin,"Boston, Suffolk County",Boston,Suffolk County,71796.5,71796.5,,adzuna,https://www.adzuna.com/details/5510981695?utm_medium=api&utm_source=516145e7,2025-11-23T21:07:26Z,active,2026-01-08 21:06:08
Acquisitions Sales Representative,Kendall Hunt Publishing,"Quincy, Norfolk County",Quincy,Norfolk County,60000.0,60000.0,,adzuna,https://www.adzuna.com/details/5553390428?utm_medium=api&utm_source=516145e7,2025-12-23T14:05:01Z,active,2026-01-08 21:06:08
Gopuff Delivery Driver Partner,GoPuff,"Winchester, Middlesex County",Winchester,Middlesex County,110170.26,110170.26,contract,adzuna,https://www.adzuna.com/details/5521236418?utm_medium=api&utm_source=516145e7,2025-12-01T06:04:02Z,active,2026-01-08 21:06:08
"Gopuff Delivery Driver Partner - No Riders, No Restaurants",Gopuff,"Dedham, Norfolk County",Dedham,Norfolk County,42544.14,42544.14,contract,adzuna,https://www.adzuna.com/details/5523767581?utm_medium=api&utm_source=516145e7,2025-12-02T06:17:58Z,active,2026-01-08 21:06:08
Secretary III,Armada Ltd,"Boston, Suffolk County",Boston,Suffolk County,58676.0,58676.0,,adzuna,https://www.adzuna.com/details/5554436049?utm_medium=api&utm_source=516145e7,2025-12-24T13:55:35Z,active,2026-01-08 21:06:08
Senior Internal Technology Auditor,Symbotic,"Melrose, Middlesex County",Melrose,Middlesex County,173982.75,173982.75,,adzuna,https://www.adzuna.com/details/5570739388?utm_medium=api&utm_source=516145e7,2026-01-06T19:46:03Z,active,2026-01-08 21:06:08
Remote Sales Representative,Legacy Harbor Advisors,"Cambridge, Middlesex County",Cambridge,Middlesex County,101468.34,101468.34,,adzuna,https://www.adzuna.com/details/5546273719?utm_medium=api&utm_source=516145e7,2025-12-17T15:11:26Z,active,2026-01-08 21:06:08
Licensed Practical Nurse (LPN),"MED STAFFING, INC.","Woburn, Middlesex County",Woburn,Middlesex County,87288.18,87288.18,,adzuna,https://www.adzuna.com/details/5502918614?utm_medium=api&utm_source=516145e7,2025-11-19T02:26:34Z,active,2026-01-08 21:06:08
Account Manager - Health Solutions,Withings,"Boston, Suffolk County",Boston,Suffolk County,65000.0,100000.0,,adzuna,https://www.adzuna.com/details/5543836470?utm_medium=api&utm_source=516145e7,2025-12-15T22:48:01Z,active,2026-01-08 21:06:08
High School Hebrew Teacher (leave coverage),Prizmah,"Waltham, Middlesex County",Waltham,Middlesex County,71632.91,71632.91,,adzuna,https://www.adzuna.com/details/5572143733?utm_medium=api&utm_source=516145e7,2026-01-07T14:02:37Z,active,2026-01-08 21:06:08
DEDHAMCostco Sales Rep Starting $23/hr PLUS DAILY BONUS,Direct Demo LLC,"Dedham, Norfolk County",Dedham,Norfolk County,39574.81,39574.81,,adzuna,https://www.adzuna.com/details/5567454428?utm_medium=api&utm_source=516145e7,2026-01-04T18:59:09Z,active,2026-01-08 21:06:08
Front-End Software Engineering Intern (Summer 26'),Evolv Technologies Inc.,"Waltham, Middlesex County",Waltham,Middlesex County,20.0,27.0,contract,adzuna,https://www.adzuna.com/details/5526815908?utm_medium=api&utm_source=516145e7,2025-12-03T19:08:11Z,active,2026-01-08 21:06:08
Senior Software Engineer,HR Recruiting Services,"Boston, Suffolk County",Boston,Suffolk County,1.0,1.0,permanent,adzuna,https://www.adzuna.com/details/5539206512?utm_medium=api&utm_source=516145e7,2025-12-12T01:37:26Z,active,2026-01-08 21:06:08
Program Coordinator,Continuum Resource Network,"Cambridge, Middlesex County",Cambridge,Middlesex County,47041.67,47041.67,contract,adzuna,https://www.adzuna.com/details/5394359149?utm_medium=api&utm_source=516145e7,2025-09-11T14:16:35Z,active,2026-01-08 21:06:08
Senior Paid Search Strategist,829 Studios,"Boston, Suffolk County",Boston,Suffolk County,54941.19,54941.19,,adzuna,https://www.adzuna.com/details/5548617056?utm_medium=api&utm_source=516145e7,2025-12-19T12:01:39Z,active,2026-01-08 21:06:08
Automotive Mechanics,Mavis Tire Supply,"Needham, Norfolk County",Needham,Norfolk County,40000.0,80000.0,,adzuna,https://www.adzuna.com/details/5556432457?utm_medium=api&utm_source=516145e7,2025-12-26T13:59:04Z,active,2026-01-08 21:06:08
Caregiver,Associated Home Care,"Stoneham, Middlesex County",Stoneham,Middlesex County,36340.27,36340.27,,adzuna,https://www.adzuna.com/details/5566603795?utm_medium=api&utm_source=516145e7,2026-01-03T19:07:53Z,active,2026-01-08 21:06:08
Senior Practice Administrator – Neuropsychology Services,ProPivotal,"Needham Heights, Norfolk County",Needham Heights,Norfolk County,92601.44,92601.44,,adzuna,https://www.adzuna.com/details/5572616980?utm_medium=api&utm_source=516145e7,2026-01-07T15:54:21Z,active,2026-01-08 21:06:08
PRN Certified Occupational Therapist Assistant COTA,Stern Therapy Consultants,"Quincy, Norfolk County",Quincy,Norfolk County,79040.0,79040.0,,adzuna,https://www.adzuna.com/details/5531361540?utm_medium=api&utm_source=516145e7,2025-12-06T12:39:06Z,active,2026-01-08 21:06:08
Maintenance Engineer-2,Healthcare Realty Services,"Boston, Suffolk County",Boston,Suffolk County,58507.3,58507.3,,adzuna,https://www.adzuna.com/details/5556931878?utm_medium=api&utm_source=516145e7,2025-12-26T16:29:31Z,active,2026-01-08 21:06:08
(2A) STEM Program Instructor,Kids In Tech,"Boston, Suffolk County",Boston,Suffolk County,36504.0,59280.0,,adzuna,https://www.adzuna.com/details/5142741679?utm_medium=api&utm_source=516145e7,2025-04-12T20:47:59Z,active,2026-01-08 21:06:08
"HHA or CNA for senior citizens. Full Time. Watertown, MA",Guardian Angel Senior Services,"Watertown, Middlesex County",Watertown,Middlesex County,52225.79,52225.79,,adzuna,https://www.adzuna.com/details/5568969036?utm_medium=api&utm_source=516145e7,2026-01-05T16:44:40Z,active,2026-01-08 21:06:08
Tax Supervisor,Relevante,"Wakefield, Middlesex County",Wakefield,Middlesex County,112500.0,112500.0,,adzuna,https://www.adzuna.com/details/5568810575?utm_medium=api&utm_source=516145e7,2026-01-05T15:51:43Z,active,2026-01-08 21:06:08
Security IT Business Analyst,Tek Spikes,"Quincy, Norfolk County",Quincy,Norfolk County,60.0,65.0,contract,adzuna,https://www.adzuna.com/details/5425064725?utm_medium=api&utm_source=516145e7,2025-10-01T15:18:41Z,active,2026-01-08 21:06:08
"Academic Administrative Assistant - (Hybrid, Part-Time)",ProPivotal,"Cambridgeport, Middlesex County",Cambridgeport,Middlesex County,41882.76,41882.76,,adzuna,https://www.adzuna.com/details/5547742452?utm_medium=api&utm_source=516145e7,2025-12-18T14:58:41Z,active,2026-01-08 21:06:08
"Gopuff Delivery Driver Partner - No Riders, No Restaurants",Gopuff,"Quincy, Norfolk County",Quincy,Norfolk County,51954.01,51954.01,contract,adzuna,https://www.adzuna.com/details/5523767717?utm_medium=api&utm_source=516145e7,2025-12-02T06:17:59Z,active,2026-01-08 21:06:08
STEM Camp Director - Summer Position,Lavner Education,"Babson Park, Norfolk County",Babson Park,Norfolk County,80600.0,80600.0,,adzuna,https://www.adzuna.com/details/5567254680?utm_medium=api&utm_source=516145e7,2026-01-04T14:21:14Z,active,2026-01-08 21:06:08
Physical Therapist,Pioneer Healthcare Services,"Needham, Norfolk County",Needham,Norfolk County,96371.0,99337.0,,adzuna,https://www.adzuna.com/details/5563759394?utm_medium=api&utm_source=516145e7,2026-01-01T16:20:53Z,active,2026-01-08 21:06:08
Need a Side Hustle? Deliver with Gopuff!,Gopuff,"Milton, Norfolk County",Milton,Norfolk County,119323.7,119323.7,contract,adzuna,https://www.adzuna.com/details/5523767767?utm_medium=api&utm_source=516145e7,2025-12-02T06:18:00Z,active,2026-01-08 21:06:08
COTA - Rehab - Travel,core hire llc,"Revere Beach, Suffolk County",Revere Beach,Suffolk County,65880.02,65880.02,,adzuna,https://www.adzuna.com/details/5482511689?utm_medium=api&utm_source=516145e7,2025-11-05T12:55:48Z,active,2026-01-08 21:06:08
"Regional Sales Director, Northeast US",Selby Jennings,"Boston, Suffolk County",Boston,Suffolk County,137626.17,137626.17,permanent,adzuna,https://www.adzuna.com/details/5565460888?utm_medium=api&utm_source=516145e7,2026-01-02T19:21:36Z,active,2026-01-08 21:06:08
Senior Technical Accountant,ProPivotal,"Watertown, Middlesex County",Watertown,Middlesex County,110592.06,110592.06,,adzuna,https://www.adzuna.com/details/5536913134?utm_medium=api&utm_source=516145e7,2025-12-10T14:39:22Z,active,2026-01-08 21:06:08
Warehouse Cleaner/ Groundskeeper,Admiral Metals,"Woburn, Middlesex County",Woburn,Middlesex County,41600.0,,,adzuna,https://www.adzuna.com/details/5534801177?utm_medium=api&utm_source=516145e7,2025-12-09T13:14:36Z,active,2026-01-08 21:06:08
Education Account Manager,Dream Opportunity,"Boston, Suffolk County",Boston,Suffolk County,70700.32,70700.32,,adzuna,https://www.adzuna.com/details/5524782337?utm_medium=api&utm_source=516145e7,2025-12-02T14:44:10Z,active,2026-01-08 21:06:08
Operations and Business Analyst,XRHealth,"Needham, Norfolk County",Needham,Norfolk County,43211.77,43211.77,permanent,adzuna,https://www.adzuna.com/details/5255063669?utm_medium=api&utm_source=516145e7,2025-06-17T13:53:13Z,active,2026-01-08 21:06:08
"Senior Consultant, Employee Benefits",Alera Group,"Boston, Suffolk County",Boston,Suffolk County,72102.6,72102.6,permanent,adzuna,https://www.adzuna.com/details/5572798640?utm_medium=api&utm_source=516145e7,2026-01-07T19:21:01Z,active,2026-01-08 21:06:08
SALES - Starlink Installation Pros - Work From Home,WebProps.org,"Malden, Middlesex County",Malden,Middlesex County,60000.0,150000.0,contract,adzuna,https://www.adzuna.com/details/5093661675?utm_medium=api&utm_source=516145e7,2025-03-14T12:34:54Z,active,2026-01-08 21:06:08
Fiscal Officer Assistant,ProPivotal,"Cambridgeport, Middlesex County",Cambridgeport,Middlesex County,85012.33,85012.33,,adzuna,https://www.adzuna.com/details/5552293919?utm_medium=api&utm_source=516145e7,2025-12-22T15:07:17Z,active,2026-01-08 21:06:08
Research Coordinator,Ophthalmic Consultants of Boston,"Boston, Suffolk County",Boston,Suffolk County,48191.69,48191.69,,adzuna,https://www.adzuna.com/details/5547138662?utm_medium=api&utm_source=516145e7,2025-12-18T11:56:14Z,active,2026-01-08 21:06:08
Earn Money Delivering With Gopuff,GoPuff,"New Town, Middlesex County",New Town,Middlesex County,89153.87,89153.87,contract,adzuna,https://www.adzuna.com/details/5521236623?utm_medium=api&utm_source=516145e7,2025-12-01T06:04:05Z,active,2026-01-08 21:06:08
Regional Operations Manager,Lark Hospitality,"Boston, Suffolk County",Boston,Suffolk County,90367.26,90367.26,,adzuna,https://www.adzuna.com/details/5552357846?utm_medium=api&utm_source=516145e7,2025-12-22T16:50:58Z,active,2026-01-08 21:06:08
Line Cook - Boston,F1 Arcade,"South Boston, Suffolk County",South Boston,Suffolk County,36004.28,36004.28,,adzuna,https://www.adzuna.com/details/5561254641?utm_medium=api&utm_source=516145e7,2025-12-31T14:03:27Z,active,2026-01-08 21:06:08
Home Health RN Case Manager,Bretton Trova,"Watertown, Middlesex County",Watertown,Middlesex County,83000.0,129500.0,permanent,adzuna,https://www.adzuna.com/details/4982013892?utm_medium=api&utm_source=516145e7,2024-12-18T06:14:43Z,active,2026-01-08 21:06:08
Construction Small Business Manager,JPNDC Jamaica Plain Neighborhood Development Corporation,"Roslindale, Suffolk County",Roslindale,Suffolk County,85000.0,95000.0,,adzuna,https://www.adzuna.com/details/5524178114?utm_medium=api&utm_source=516145e7,2025-12-02T12:08:45Z,active,2026-01-08 21:06:08
Senior Electrical Project Manager,Gpac,"Boston, Suffolk County",Boston,Suffolk County,120000.0,160000.0,,adzuna,https://www.adzuna.com/details/5571041867?utm_medium=api&utm_source=516145e7,2026-01-07T01:00:21Z,active,2026-01-08 21:06:08
Senior Account Executive,Drug Hunter,"Boston, Suffolk County",Boston,Suffolk County,258191.36,258191.36,,adzuna,https://www.adzuna.com/details/5468571699?utm_medium=api&utm_source=516145e7,2025-10-28T16:39:05Z,active,2026-01-08 21:06:08
Recruiter,Volition Capital,"Boston, Suffolk County",Boston,Suffolk County,117623.98,117623.98,,adzuna,https://www.adzuna.com/details/5198232694?utm_medium=api&utm_source=516145e7,2025-05-14T11:22:03Z,active,2026-01-08 21:06:08
Earn Cash with Gopuff In Your Free Time,Gopuff,"Chelsea, Suffolk County",Chelsea,Suffolk County,63890.63,63890.63,contract,adzuna,https://www.adzuna.com/details/5523767504?utm_medium=api&utm_source=516145e7,2025-12-02T06:17:57Z,active,2026-01-08 21:06:08
Business Development Representative,Evolv Technologies Inc.,"Waltham, Middlesex County",Waltham,Middlesex County,58000.0,92000.0,,adzuna,https://www.adzuna.com/details/5565336068?utm_medium=api&utm_source=516145e7,2026-01-02T16:00:23Z,active,2026-01-08 21:06:08
Vice President of Delivery,Verndale,"Boston, Suffolk County",Boston,Suffolk County,222549.81,222549.81,,adzuna,https://www.adzuna.com/details/5548064490?utm_medium=api&utm_source=516145e7,2025-12-18T21:28:57Z,active,2026-01-08 21:06:08
"1st and 2nd Shift Repair Operator - Wilmington, MA",CHEP,"South Boston, Suffolk County",South Boston,Suffolk County,88913.91,88913.91,,adzuna,https://www.adzuna.com/details/5512339545?utm_medium=api&utm_source=516145e7,2025-11-25T06:02:18Z,active,2026-01-08 21:06:08
Senior Staff Accountant,Symbotic,"Stoneham, Middlesex County",Stoneham,Middlesex County,125256.65,125256.65,,adzuna,https://www.adzuna.com/details/5570739352?utm_medium=api&utm_source=516145e7,2026-01-06T19:46:03Z,active,2026-01-08 21:06:08
Program Analyst,Department of Homeland Security - Agency Wide,Anywhere in the U.S. (remote job),,,105383.0,195200.0,,usajobs,https://www.usajobs.gov:443/job/845755400,2025-09-11T00:00:00.0000,active,2026-01-08 21:06:08
Management and Program Analyst,Department of Homeland Security - Agency Wide,Anywhere in the U.S. (remote job),,,105383.0,195200.0,,usajobs,https://www.usajobs.gov:443/job/845758100,2025-09-11T00:00:00.0000,active,2026-01-08 21:06:08
Business Interface Representative,Department of Homeland Security - Agency Wide,Anywhere in the U.S. (remote job),,,105383.0,195200.0,,usajobs,https://www.usajobs.gov:443/job/845811300,2025-09-12T00:00:00.0000,active,2026-01-08 21:06:08
Program Analyst,Department of Homeland Security - Agency Wide,Anywhere in the U.S. (remote job),,,88621.0,195200.0,,usajobs,https://www.usajobs.gov:443/job/846636800,2025-09-23T00:00:00.0000,active,2026-01-08 21:06:08
Homeland Defender (Immigration Services Officer),Citizenship and Immigration Services,Anywhere in the U.S. (remote job),,,50420.0,81198.0,,usajobs,https://www.usajobs.gov:443/job/847039500,2025-09-30T00:00:00.0000,active,2026-01-08 21:06:08
Homeland Defender (Immigration Services Officer),Citizenship and Immigration Services,Anywhere in the U.S. (remote job),,,50420.0,81198.0,,usajobs,https://www.usajobs.gov:443/job/847041700,2025-09-30T00:00:00.0000,active,2026-01-08 21:06:08
Physician (Diagnostic Radiologist),Veterans Health Administration,Anywhere in the U.S. (remote job),,,350000.0,400000.0,,usajobs,https://www.usajobs.gov:443/job/848120000,2025-10-16T00:00:00.0000,active,2026-01-08 21:06:08
Staff Physician (Radiologist) - Recruitment/Relocation Incentive/EDRP Authorized,Veterans Health Administration,Anywhere in the U.S. (remote job),,,355180.0,400000.0,,usajobs,https://www.usajobs.gov:443/job/849793100,2025-11-07T00:00:00.0000,active,2026-01-08 21:06:08
Physician (Psychiatry - Chief) EDRP Authorized,Veterans Health Administration,Anywhere in the U.S. (remote job),,,145000.0,320000.0,,usajobs,https://www.usajobs.gov:443/job/852884700,2025-12-17T00:00:00.0000,active,2026-01-08 21:06:08
Immigration Judge,Executive Office for Immigration Review,Anywhere in the U.S. (remote job),,,159951.0,207500.0,"Full-Time, Intermittent",usajobs,https://www.usajobs.gov:443/job/853385500,2025-12-30T17:33:50.3200,active,2026-01-08 21:06:08
Management Analyst,Veterans Health Administration,Anywhere in the U.S. (remote job),,,74678.0,121371.0,,usajobs,https://www.usajobs.gov:443/job/853451100,2026-01-05T00:00:00.0000,active,2026-01-08 21:06:08
Supervisory Program Analyst,Veterans Health Administration,Anywhere in the U.S. (remote job),,,106437.0,172980.0,,usajobs,https://www.usajobs.gov:443/job/853483000,2026-01-05T00:00:00.0000,active,2026-01-08 21:06:08
Physician (Chief of Radiology/Imaging),Veterans Health Administration,Anywhere in the U.S. (remote job),,,275000.0,400000.0,,usajobs,https://www.usajobs.gov:443/job/853506200,2026-01-02T17:27:37.7300,active,2026-01-08 21:06:08
2026 Summer Library of Congress Intern (Remote),Library of Congress,Anywhere in the U.S. (remote job),,,17.47,19.24,"40 hours per week. Interns must be able to work the majority of their schedule between 6:30 am - 6:00 pm Eastern Time, Monday through Friday and attend mandatory orientation on June 1, 2026.",usajobs,https://www.usajobs.gov:443/job/853565600,2026-01-05T00:00:00.0000,active,2026-01-08 21:06:08
Medical Records Technician (Coder - Inpatient),Veterans Health Administration,Anywhere in the U.S. (remote job),,,36409.0,72644.0,,usajobs,https://www.usajobs.gov:443/job/853642000,2026-01-06T10:46:15.1770,active,2026-01-08 21:06:08
AI Operations Specialist,Library of Congress,Anywhere in the U.S. (remote job),,,143913.0,187093.0,"Compflex.
Flextime.",usajobs,https://www.usajobs.gov:443/job/853660100,2026-01-06T00:00:00.0000,active,2026-01-08 21:06:08
Supervisory Program Analyst,Veterans Health Administration,Anywhere in the U.S. (remote job),,,106437.0,172980.0,,usajobs,https://www.usajobs.gov:443/job/853718700,2026-01-06T16:15:46.2400,active,2026-01-08 21:06:08
Medical Records Technician (Coder - Inpatient),Veterans Health Administration,Anywhere in the U.S. (remote job),,,36049.0,71932.0,Schedule is Eastern Standard Time,usajobs,https://www.usajobs.gov:443/job/853769900,2026-01-07T00:00:00.0000,active,2026-01-08 21:06:08
"Physician (VISN 22 Clinical Resource Hub, Tele-Endocrinology)",Veterans Health Administration,Anywhere in the U.S. (remote job),,,123077.0,315000.0,,usajobs,https://www.usajobs.gov:443/job/853771100,2026-01-08T00:00:00.0000,active,2026-01-08 21:06:08
Lead Medical Records Technician (Coder),Veterans Health Administration,Anywhere in the U.S. (remote job),,,61722.0,80243.0,,usajobs,https://www.usajobs.gov:443/job/853791200,2026-01-07T12:10:05.7230,active,2026-01-08 21:06:08
Program Analyst,Veterans Health Administration,Anywhere in the U.S. (remote job),,,74678.0,121371.0,,usajobs,https://www.usajobs.gov:443/job/853823600,2026-01-08T00:00:00.0000,active,2026-01-08 21:06:08
Program Analyst,Administrative Office of the U.S. Courts,Anywhere in the U.S. (remote job),,,88623.0,195200.0,,usajobs,https://www.usajobs.gov:443/job/853836700,2026-01-08T00:00:00.0000,active,2026-01-08 21:06:08
Medical Records Technician (Cancer Registrar),Veterans Health Administration,Anywhere in the U.S. (remote job),,,65202.0,84769.0,,usajobs,https://www.usajobs.gov:443/job/853848800,2026-01-07T16:34:00.5970,active,2026-01-08 21:06:08
Supervisory Social Science Program Specialist,Veterans Health Administration,Anywhere in the U.S. (remote job),,,105383.0,171268.0,,usajobs,https://www.usajobs.gov:443/job/853902700,2026-01-08T10:48:27.6630,active,2026-01-08 21:06:08
Medical Records Adminstrator Specialist,Veterans Health Administration,Anywhere in the U.S. (remote job),,,40736.0,97087.0,,usajobs,https://www.usajobs.gov:443/job/853946500,2026-01-08T13:56:11.7270,active,2026-01-08 21:06:08
Physician (Psychiatrist),Veterans Health Administration,Anywhere in the U.S. (remote job),,,220000.0,300000.0,,usajobs,https://www.usajobs.gov:443/job/853970200,2026-01-08T15:15:13.3370,active,2026-01-08 21:06:08
PUBLIC NOTICE- DEA Criminal Investigators,Drug Enforcement Administration,DEA - US Locations,,,48854.0,82938.0,,usajobs,https://www.usajobs.gov:443/job/833745400,2025-03-17T00:00:00.0000,active,2026-01-08 21:06:08
Physician (Physical Medicine & Rehab),Veterans Health Administration,"Boston, Massachusetts",,,240000.0,289900.0,20 Hours,usajobs,https://www.usajobs.gov:443/job/840656400,2025-12-17T09:51:41.3630,active,2026-01-08 21:06:08
Physician - Geriatrics,Veterans Health Administration,"Jamaica Plain, Massachusetts",,,210000.0,250000.0,,usajobs,https://www.usajobs.gov:443/job/843302400,2025-12-18T13:55:20.0930,active,2026-01-08 21:06:08
Intelligence Research Specialist,Department of Homeland Security - Agency Wide,Multiple Locations,,,91430.0,161448.0,,usajobs,https://www.usajobs.gov:443/job/845309600,2025-09-08T00:00:00.0000,active,2026-01-08 21:06:08
Technical Operations (AJW) Airway Transportation Systems Specialist Employee Requested Reassignment,Federal Aviation Administration,FAA Tech Ops 2101 ERR Duty Locations Throughout the Nation,,,46366.0,146571.0,,usajobs,https://www.usajobs.gov:443/job/846713900,2025-09-29T00:00:00.0000,active,2026-01-08 21:06:08
Student Trainee,Air Force Civilian Career Training,Multiple Locations,,,36825.0,52426.0,,usajobs,https://www.usajobs.gov:443/job/846866000,2025-09-29T00:00:00.0000,active,2026-01-08 21:06:08
Physician (Anesthesiology),Veterans Health Administration,"West Roxbury, Massachusetts",,,375000.0,400000.0,,usajobs,https://www.usajobs.gov:443/job/846890900,2025-09-30T00:00:00.0000,active,2026-01-08 21:06:08
Physician - Staff Radiologist,Veterans Health Administration,"Jamaica Plain, Massachusetts",,,320000.0,400000.0,,usajobs,https://www.usajobs.gov:443/job/846904600,2025-09-30T00:00:00.0000,active,2026-01-08 21:06:08
Volunteer Force (DOW Detail),Federal Emergency Management Agency,Location Negotiable After Selection,,,25684.0,191900.0,,usajobs,https://www.usajobs.gov:443/job/846915600,2025-09-29T14:18:01.4670,active,2026-01-08 21:06:08
Physician - Pathologist,Veterans Health Administration,"West Roxbury, Massachusetts",,,240000.0,260000.0,,usajobs,https://www.usajobs.gov:443/job/846924800,2025-09-30T00:00:00.0000,active,2026-01-08 21:06:08
Physician - Otolaryngology,Veterans Health Administration,"Jamaica Plain, Massachusetts",,,300000.0,375000.0,,usajobs,https://www.usajobs.gov:443/job/847026300,2025-09-30T00:00:00.0000,active,2026-01-08 21:06:08
COMPUTER ENGINEER,Air Force Civilian Career Training,Location Negotiable After Selection,,,56763.0,88225.0,,usajobs,https://www.usajobs.gov:443/job/847080100,2025-10-01T00:00:00.0000,active,2026-01-08 21:06:08
IT SPECIALIST,Air Force Civilian Career Training,Location Negotiable After Selection,,,56763.0,88225.0,,usajobs,https://www.usajobs.gov:443/job/847096900,2025-10-01T00:00:00.0000,active,2026-01-08 21:06:08
Electronic Engineer,Air Force Civilian Career Training,Location Negotiable After Selection,,,55486.0,83525.0,,usajobs,https://www.usajobs.gov:443/job/847097100,2025-10-01T00:00:00.0000,active,2026-01-08 21:06:08
Special Agent,U.S. Secret Service,Multiple Locations,,,48371.0,117034.0,,usajobs,https://www.usajobs.gov:443/job/847106700,2025-10-01T00:00:00.0000,active,2026-01-08 21:06:08
Supervisory Immigration Judge (Assistant Chief Immigration Judge),Executive Office for Immigration Review,"Eloy, AZ ",,,159951.0,207500.0,,usajobs,https://www.usajobs.gov:443/job/847169800,2025-10-01T00:00:00.0000,active,2026-01-08 21:06:08
Physician - Medical Director Primary Care,Veterans Health Administration,"Jamaica Plain, Massachusetts",,,221000.0,278000.0,,usajobs,https://www.usajobs.gov:443/job/847228900,2025-09-30T00:00:00.0000,active,2026-01-08 21:06:08
Physician - General Internal Medicine,Veterans Health Administration,"Jamaica Plain, Massachusetts",,,205000.0,260000.0,,usajobs,https://www.usajobs.gov:443/job/847230200,2025-09-30T00:00:00.0000,active,2026-01-08 21:06:08
"Physician - Director, Oncology and Chronic Disease Research",Veterans Health Administration,"Jamaica Plain, Massachusetts",,,275000.0,350000.0,,usajobs,https://www.usajobs.gov:443/job/847275300,2025-09-30T00:00:00.0000,active,2026-01-08 21:06:08
Physician - Chief General Internal Medicine,Veterans Health Administration,"West Roxbury, Massachusetts",,,250000.0,300000.0,,usajobs,https://www.usajobs.gov:443/job/847275600,2025-09-30T00:00:00.0000,active,2026-01-08 21:06:08
Physician - Hematology/Oncology,Veterans Health Administration,"Jamaica Plain, Massachusetts",,,225000.0,348000.0,,usajobs,https://www.usajobs.gov:443/job/847276600,2025-09-30T00:00:00.0000,active,2026-01-08 21:06:08
Physician - Sleep Medicine,Veterans Health Administration,"Jamaica Plain, Massachusetts",,,225000.0,300000.0,,usajobs,https://www.usajobs.gov:443/job/847277200,2025-10-02T00:00:00.0000,active,2026-01-08 21:06:08
Physician - Non-Invasive Cardiologist,Veterans Health Administration,"West Roxbury, Massachusetts",,,290000.0,350000.0,,usajobs,https://www.usajobs.gov:443/job/847277500,2025-09-30T00:00:00.0000,active,2026-01-08 21:06:08
Physician - Endocrinologist,Veterans Health Administration,"West Roxbury, Massachusetts",,,210000.0,270000.0,,usajobs,https://www.usajobs.gov:443/job/847277900,2025-09-30T00:00:00.0000,active,2026-01-08 21:06:08
Physician - Heart Failure Jr. Attending,Veterans Health Administration,"West Roxbury, Massachusetts",,,265000.0,350000.0,,usajobs,https://www.usajobs.gov:443/job/847278000,2025-09-30T00:00:00.0000,active,2026-01-08 21:06:08
Physician - Advanced Cardiac Imaging Cardiologist,Veterans Health Administration,"West Roxbury, Massachusetts",,,280000.0,330000.0,,usajobs,https://www.usajobs.gov:443/job/847278600,2025-09-30T00:00:00.0000,active,2026-01-08 21:06:08
Public Notice for Air Traffic Control Specialist (Direct Hire),Federal Aviation Administration,FAA - Air Traffic Locations,,,43727.0,165088.0,,usajobs,https://www.usajobs.gov:443/job/847375100,2025-10-03T00:00:00.0000,active,2026-01-08 21:06:08
"PUBLIC NOTICE - Airway Transportation Systems Specialist (G- ENV, RAD, NAV, AUT, COM & F ENTRY)",Federal Aviation Administration,May be filled in various FAA duty locations,,,68863.0,82154.0,,usajobs,https://www.usajobs.gov:443/job/847375300,2025-10-03T00:00:00.0000,active,2026-01-08 21:06:08
Air Traffic Control Specialist (Direct Hire Enhanced CTI Program/E-CTI),Federal Aviation Administration,FAA - Air Traffic Locations,,,46560.0,175785.0,,usajobs,https://www.usajobs.gov:443/job/847388600,2025-10-03T00:00:00.0000,active,2026-01-08 21:06:08
Physician - Pathologist,Veterans Health Administration,"West Roxbury, Massachusetts",,,240000.0,260000.0,,usajobs,https://www.usajobs.gov:443/job/847552500,2025-09-30T00:00:00.0000,active,2026-01-08 21:06:08
Physician - Primary Care,Veterans Health Administration,Multiple Locations,,,225000.0,265000.0,,usajobs,https://www.usajobs.gov:443/job/847613200,2025-10-07T00:00:00.0000,active,2026-01-08 21:06:08
Medical Support Assistant (Advanced),Veterans Health Administration,Multiple Locations,,,55959.0,72744.0,"Monday - Friday, day shift hours, To Be Determined; West Roxbury location: various shifts & 3:30 p.m. - 12:00 a.m.",usajobs,https://www.usajobs.gov:443/job/847668800,2025-10-07T00:00:00.0000,active,2026-01-08 21:06:08
Special Agent - Current Federal 1811s Only,Federal Bureau of Investigation,Location Negotiable After Selection,,,99461.0,164785.0,,usajobs,https://www.usajobs.gov:443/job/847955600,2025-12-31T11:14:45.7530,active,2026-01-08 21:06:08
Special Agent - Law Enforcement/ Military Background,Federal Bureau of Investigation,Location Negotiable After Selection,,,99461.0,128329.0,,usajobs,https://www.usajobs.gov:443/job/847970200,2025-12-31T11:46:33.1830,active,2026-01-08 21:06:08
Special Agent - Law/Legal Background,Federal Bureau of Investigation,Location Negotiable After Selection,,,99461.0,128329.0,,usajobs,https://www.usajobs.gov:443/job/847974700,2025-12-31T11:56:48.8730,active,2026-01-08 21:06:08
Special Agent - Linguists/Foreign Language Background,Federal Bureau of Investigation,Location Negotiable After Selection,,,99461.0,128329.0,,usajobs,https://www.usajobs.gov:443/job/847978500,2025-12-31T12:05:35.6070,active,2026-01-08 21:06:08
Special Agent - STEM Background,Federal Bureau of Investigation,Location Negotiable After Selection,,,99461.0,128329.0,,usajobs,https://www.usajobs.gov:443/job/847980000,2025-12-31T12:24:37.3800,active,2026-01-08 21:06:08
Special Agent -  Accounting/Finance Background,Federal Bureau of Investigation,Location Negotiable After Selection,,,99461.0,128329.0,,usajobs,https://www.usajobs.gov:443/job/847981900,2025-12-31T12:29:45.8570,active,2026-01-08 21:06:08
Special Agent - Education/Teaching Background,Federal Bureau of Investigation,Location Negotiable After Selection,,,99461.0,128329.0,,usajobs,https://www.usajobs.gov:443/job/847984400,2025-12-31T12:35:14.2000,active,2026-01-08 21:06:08
Special Agent - Psychology/Counseling Background,Federal Bureau of Investigation,Location Negotiable After Selection,,,99461.0,128329.0,,usajobs,https://www.usajobs.gov:443/job/847985600,2025-12-31T12:38:36.0730,active,2026-01-08 21:06:08
Special Agent - Healthcare Services/Medical Background,Federal Bureau of Investigation,Location Negotiable After Selection,,,99461.0,128329.0,,usajobs,https://www.usajobs.gov:443/job/847987400,2025-12-31T12:43:04.0600,active,2026-01-08 21:06:08
Special Agent - Cybersecurity/Technology Background,Federal Bureau of Investigation,Location Negotiable After Selection,,,99461.0,128329.0,,usajobs,https://www.usajobs.gov:443/job/847989800,2025-12-31T12:46:57.4130,active,2026-01-08 21:06:08
Interventional Radiologist,Veterans Health Administration,"West Roxbury, Massachusetts",,,375000.0,400000.0,,usajobs,https://www.usajobs.gov:443/job/848349800,2025-10-17T11:59:41.8270,active,2026-01-08 21:06:08
Physician - Primary Care Staff,Veterans Health Administration,"Jamaica Plain, Massachusetts",,,230000.0,280000.0,,usajobs,https://www.usajobs.gov:443/job/848488900,2025-10-20T00:00:00.0000,active,2026-01-08 21:06:08
Criminal Investigator (Special Agent) (Open Continuous Announcement),"Bureau of Alcohol, Tobacco, Firearms, and Explosives",Location Negotiable After Selection,,,73939.0,171268.0,,usajobs,https://www.usajobs.gov:443/job/850788500,2025-11-21T00:00:00.0000,active,2026-01-08 21:06:08
Physician - Chief (Radiology),Veterans Health Administration,"West Roxbury, Massachusetts",,,225000.0,380000.0,,usajobs,https://www.usajobs.gov:443/job/851371100,2025-12-02T00:00:00.0000,active,2026-01-08 21:06:08
Physician - Spinal Cord Injury and Disorder,Veterans Health Administration,"West Roxbury, Massachusetts",,,245000.0,285000.0,,usajobs,https://www.usajobs.gov:443/job/851690900,2025-12-02T00:00:00.0000,active,2026-01-08 21:06:08
Air Interdiction Agent,Customs and Border Protection,Location Negotiable After Selection,,,85270.0,110846.0,,usajobs,https://www.usajobs.gov:443/job/851775500,2025-12-08T00:00:00.0000,active,2026-01-08 21:06:08
Marine Interdiction Agent,Customs and Border Protection,Location Negotiable After Selection,,,73939.0,96116.0,,usajobs,https://www.usajobs.gov:443/job/851777200,2025-12-08T00:00:00.0000,active,2026-01-08 21:06:08
Seasonal Maintenance Worker,National Park Service,Multiple Locations,,,26.53,35.06,"Full-time, Part-time (16-32 hours per week)",usajobs,https://www.usajobs.gov:443/job/851804900,2025-12-09T11:09:16.5170,active,2026-01-08 21:06:08
"Health Operation Support Team, Health Service Administrator (O-6 Billet) Supervisory",Immigration and Customs Enforcement,Location Negotiable After Selection,,,1.0,150000.0,,usajobs,https://www.usajobs.gov:443/job/851938200,2025-12-10T00:00:00.0000,active,2026-01-08 21:06:08
Assistant Director for Policy,Executive Office for Immigration Review,Multiple Locations,,,150160.0,225700.0,,usajobs,https://www.usajobs.gov:443/job/852169400,2025-12-11T09:26:03.4030,active,2026-01-08 21:06:08
Public Notice for General Engineer (Direct Hire),Federal Aviation Administration,May be filled in various FAA duty locations,,,34454.0,162672.0,,usajobs,https://www.usajobs.gov:443/job/852270000,2025-12-12T00:00:00.0000,active,2026-01-08 21:06:08
Public Notice for General Engineer (Direct Hire),Federal Aviation Administration,May be filled in various FAA duty locations,,,52998.0,172257.0,,usajobs,https://www.usajobs.gov:443/job/852270300,2025-12-12T00:00:00.0000,active,2026-01-08 21:06:08
Public Notice for Aerospace Engineer (Direct Hire),Federal Aviation Administration,May be filled in various FAA duty locations,,,34454.0,162672.0,,usajobs,https://www.usajobs.gov:443/job/852272900,2025-12-12T00:00:00.0000,active,2026-01-08 21:06:08
Public Notice for Aerospace Engineer (Direct Hire),Federal Aviation Administration,May be filled in various FAA duty locations,,,52998.0,172257.0,,usajobs,https://www.usajobs.gov:443/job/852274600,2025-12-12T00:00:00.0000,active,2026-01-08 21:06:08
Seasonal Maintenance Worker,National Park Service,Multiple Locations,,,23.45,30.02,"Full-time, Part-time (16-32 hours per week)",usajobs,https://www.usajobs.gov:443/job/852290100,2025-12-15T00:00:00.0000,active,2026-01-08 21:06:08
Housekeeping Aid/Environmental Services EVS Technician,Veterans Health Administration,Multiple Locations,,,19.24,22.44,,usajobs,https://www.usajobs.gov:443/job/852301700,2025-12-12T15:25:00.0230,active,2026-01-08 21:06:08
"CISA - Scholarship for Service (SFS) Internship - Accepting Resumes, Transcripts, & SFS Agreements",Cybersecurity and Infrastructure Security Agency,Multiple Locations,,,27708.0,68549.0,,usajobs,https://www.usajobs.gov:443/job/852385900,2025-12-15T00:00:00.0000,active,2026-01-08 21:06:08
"CISA - Scholarship for Service (SFS) Post Grad - Accepting Resumes, Transcripts, and SFS Agreements",Cybersecurity and Infrastructure Security Agency,Multiple Locations,,,34799.0,82938.0,,usajobs,https://www.usajobs.gov:443/job/852390600,2025-12-15T00:00:00.0000,active,2026-01-08 21:06:08
"Personnel Management Officer, IHSC Personnel Unit (O-5 Billet) Non-Supervisory",Immigration and Customs Enforcement,Location Negotiable After Selection,,,1.0,150000.0,,usajobs,https://www.usajobs.gov:443/job/852423100,2025-11-04T00:00:00.0000,active,2026-01-08 21:06:08
Aviation Safety Inspector  (GA Operations Instructor),Federal Aviation Administration,FAA Nationwide-Selectee Remains in Current Duty Location,,,106382.0,138296.0,,usajobs,https://www.usajobs.gov:443/job/852480200,2025-12-16T00:00:00.0000,active,2026-01-08 21:06:08
Aviation Safety Inspector  (Airworthiness Instructor),Federal Aviation Administration,FAA Nationwide-Selectee Remains in Current Duty Location,,,106382.0,138296.0,,usajobs,https://www.usajobs.gov:443/job/852481700,2025-12-16T00:00:00.0000,active,2026-01-08 21:06:08
Cook,Veterans Health Administration,"West Roxbury, Massachusetts",,,27.89,32.54,,usajobs,https://www.usajobs.gov:443/job/852585900,2025-12-16T13:03:38.0170,active,2026-01-08 21:06:08
Safety & Occupational Health Specialist,Bureau of Land Management,Location Negotiable After Selection,,,61111.0,96116.0,,usajobs,https://www.usajobs.gov:443/job/852642500,2025-12-19T00:00:00.0000,active,2026-01-08 21:06:08
COMPUTER SCIENTIST,Air Force Civilian Career Training,Location Negotiable After Selection,,,56763.0,88225.0,,usajobs,https://www.usajobs.gov:443/job/852682400,2025-10-01T00:00:00.0000,active,2026-01-08 21:06:08
Program Manager (Safety) - SME (Open to both U.S. Citizens and Federal Employees),Federal Transit Administration,Multiple Locations,,,107103.0,195200.0,Full Time,usajobs,https://www.usajobs.gov:443/job/852874300,2025-12-19T00:00:00.0000,active,2026-01-08 21:06:08
General Engineer (Safety) (Open to both U.S. Citizens and Federal Employees),Federal Transit Administration,Multiple Locations,,,107103.0,195200.0,Full Time,usajobs,https://www.usajobs.gov:443/job/852879700,2025-12-19T00:00:00.0000,active,2026-01-08 21:06:08
Trial Attorney (Civil Rights) - Open Continuous,Equal Employment Opportunity Commission,Multiple Locations,,,90025.0,138296.0,,usajobs,https://www.usajobs.gov:443/job/852892800,2025-12-18T00:00:00.0000,active,2026-01-08 21:06:08
Training Program Specialist (Intern),Office of the Secretary of the Interior,Multiple Locations,,,27.66,35.97,,usajobs,https://www.usajobs.gov:443/job/852954000,2025-12-22T00:00:00.0000,active,2026-01-08 21:06:08
Public Affairs Specialist (Intern),Office of the Secretary of the Interior,Multiple Locations,,,27.66,35.97,,usajobs,https://www.usajobs.gov:443/job/852954800,2025-12-22T00:00:00.0000,active,2026-01-08 21:06:08
Agricultural Program Specialist,Farm Service Agency,Location Negotiable After Selection,,,105383.0,137000.0,,usajobs,https://www.usajobs.gov:443/job/853015000,2025-12-23T00:00:00.0000,active,2026-01-08 21:06:08
Information Management Specialist,Farm Service Agency,Location Negotiable After Selection,,,143913.0,187093.0,,usajobs,https://www.usajobs.gov:443/job/853048000,2025-12-22T12:12:51.5100,active,2026-01-08 21:06:08
SUPERVISORY LOAN SPECIALIST (AGRL),Farm Service Agency,Location Negotiable After Selection,,,143913.0,187093.0,,usajobs,https://www.usajobs.gov:443/job/853063800,2025-12-22T13:31:28.3970,active,2026-01-08 21:06:08
