job_id,title,employer,sector,source,salary_min,salary_max,location,latitude,longitude,remote,posted_date,url,zip,confidence
CBTD-12807491-25-TMB,"Physician - Director, Oncology and Chronic Disease Research",Veterans Health Administration,federal,usajobs,275000,350000,"Jamaica Plain, Massachusetts",42.32129,-71.1103,,2025-09-30T00:00:00.0000,https://www.usajobs.gov:443/job/847275300,02459,0.75
CBTD-12807663-25-TMB,Physician - Otolaryngology,Veterans Health Administration,federal,usajobs,300000,375000,"Jamaica Plain, Massachusetts",42.32129,-71.1103,,2025-09-30T00:00:00.0000,https://www.usajobs.gov:443/job/847026300,02459,0.75
CBTD-12815777-26-LS,Interventional Radiologist,Veterans Health Administration,federal,usajobs,375000,400000,"West Roxbury, Massachusetts",42.283283,-71.15714,,2025-10-17T11:59:41.8270,https://www.usajobs.gov:443/job/848349800,02459,0.75
CBTD-12807461-25-TMB,Physician - General Internal Medicine,Veterans Health Administration,federal,usajobs,205000,260000,"Jamaica Plain, Massachusetts",42.32129,-71.1103,,2025-09-30T00:00:00.0000,https://www.usajobs.gov:443/job/847230200,02459,0.75
CBTD-12811772-26-LL,Medical Support Assistant (Advanced),Veterans Health Administration,federal,usajobs,55959,72744,"West Roxbury, Massachusetts",42.283283,-71.15714,,2025-10-07T00:00:00.0000,https://www.usajobs.gov:443/job/847668800,02459,0.75
CBTD-12812389-26-TMB,Physician - Pathologist,Veterans Health Administration,federal,usajobs,240000,260000,"West Roxbury, Massachusetts",42.283283,-71.15714,,2025-09-30T00:00:00.0000,https://www.usajobs.gov:443/job/847552500,02459,0.75
CBTD-12782667-25-LS,Physician - Geriatrics,Veterans Health Administration,federal,usajobs,210000,250000,"Jamaica Plain, Massachusetts",42.32129,-71.1103,,2025-12-18T13:55:20.0930,https://www.usajobs.gov:443/job/843302400,02459,0.75
CBTD-12807445-25-TMB,Physician - Medical Director Primary Care,Veterans Health Administration,federal,usajobs,221000,278000,"Jamaica Plain, Massachusetts",42.32129,-71.1103,,2025-09-30T00:00:00.0000,https://www.usajobs.gov:443/job/847228900,02459,0.75
CBTD-12807856-25-LS,Physician (Anesthesiology),Veterans Health Administration,federal,usajobs,375000,400000,"West Roxbury, Massachusetts",42.283283,-71.15714,,2025-09-30T00:00:00.0000,https://www.usajobs.gov:443/job/846890900,02459,0.75
CBTD-12807991-25-LS,Physician - Staff Radiologist,Veterans Health Administration,federal,usajobs,320000,400000,"Jamaica Plain, Massachusetts",42.32129,-71.1103,,2025-09-30T00:00:00.0000,https://www.usajobs.gov:443/job/846904600,02459,0.75
CBTD-12815313-26-TMB,Physician - Primary Care Staff,Veterans Health Administration,federal,usajobs,230000,280000,"Jamaica Plain, Massachusetts",42.32129,-71.1103,,2025-10-20T00:00:00.0000,https://www.usajobs.gov:443/job/848488900,02459,0.75
CBTD-12807512-25-TMB,Physician - Chief General Internal Medicine,Veterans Health Administration,federal,usajobs,250000,300000,"West Roxbury, Massachusetts",42.283283,-71.15714,,2025-09-30T00:00:00.0000,https://www.usajobs.gov:443/job/847275600,02459,0.75
FAA-AHF-26-PUB NOT-96448,"PUBLIC NOTICE - Airway Transportation Systems Specialist (G- ENV, RAD, NAV, AUT, COM & F ENTRY)",Federal Aviation Administration,federal,usajobs,68863,82154,"Cambridge, Massachusetts",42.36679,-71.10602,,2025-10-03T00:00:00.0000,https://www.usajobs.gov:443/job/847375300,02459,0.75
CBTD-12807594-25-TMB,Physician - Non-Invasive Cardiologist,Veterans Health Administration,federal,usajobs,290000,350000,"West Roxbury, Massachusetts",42.283283,-71.15714,,2025-09-30T00:00:00.0000,https://www.usajobs.gov:443/job/847277500,02459,0.75
CBTD-12807531-25-TMB,Physician - Hematology/Oncology,Veterans Health Administration,federal,usajobs,225000,348000,"Jamaica Plain, Massachusetts",42.32129,-71.1103,,2025-09-30T00:00:00.0000,https://www.usajobs.gov:443/job/847276600,02459,0.75
CBTD-12807612-25-TMB,Physician - Endocrinologist,Veterans Health Administration,federal,usajobs,210000,270000,"West Roxbury, Massachusetts",42.283283,-71.15714,,2025-09-30T00:00:00.0000,https://www.usajobs.gov:443/job/847277900,02459,0.75
CBTD-12807644-25-TMB,Physician - Advanced Cardiac Imaging Cardiologist,Veterans Health Administration,federal,usajobs,280000,330000,"West Roxbury, Massachusetts",42.283283,-71.15714,,2025-09-30T00:00:00.0000,https://www.usajobs.gov:443/job/847278600,02459,0.75
CBTD-12807574-25-TMB,Physician - Sleep Medicine,Veterans Health Administration,federal,usajobs,225000,300000,"Jamaica Plain, Massachusetts",42.32129,-71.1103,,2025-10-02T00:00:00.0000,https://www.usajobs.gov:443/job/847277200,02459,0.75
CBTD-12807625-25-TMB,Physician - Heart Failure Jr. Attending,Veterans Health Administration,federal,usajobs,265000,350000,"West Roxbury, Massachusetts",42.283283,-71.15714,,2025-09-30T00:00:00.0000,https://www.usajobs.gov:443/job/847278000,02459,0.75
SAB-26-Q1-CI,Special Agent,U.S. Secret Service,federal,usajobs,48371,117034,"Boston, Massachusetts",42.358635,-71.0567,,2025-10-01T00:00:00.0000,https://www.usajobs.gov:443/job/847106700,02459,0.72
DESTIMP-12815202-26-VL,Special Agent - Linguists/Foreign Language Background,Federal Bureau of Investigation,federal,usajobs,99461,128329,"Boston, Massachusetts",42.358635,-71.0567,,2025-12-31T12:05:35.6070,https://www.usajobs.gov:443/job/847978500,02459,0.72
DESTIMP-12815070-26-VL,Special Agent - Law Enforcement/ Military Background,Federal Bureau of Investigation,federal,usajobs,99461,128329,"Boston, Massachusetts",42.358635,-71.0567,,2025-12-31T11:46:33.1830,https://www.usajobs.gov:443/job/847970200,02459,0.72
DESTIMP-12815230-26-VL,Special Agent -  Accounting/Finance Background,Federal Bureau of Investigation,federal,usajobs,99461,128329,"Boston, Massachusetts",42.358635,-71.0567,,2025-12-31T12:29:45.8570,https://www.usajobs.gov:443/job/847981900,02459,0.72
DESTIMP-12815223-26-VL,Special Agent - STEM Background,Federal Bureau of Investigation,federal,usajobs,99461,128329,"Boston, Massachusetts",42.358635,-71.0567,,2025-12-31T12:24:37.3800,https://www.usajobs.gov:443/job/847980000,02459,0.72
DESTIMP-12815248-26-VL,Special Agent - Education/Teaching Background,Federal Bureau of Investigation,federal,usajobs,99461,128329,"Boston, Massachusetts",42.358635,-71.0567,,2025-12-31T12:35:14.2000,https://www.usajobs.gov:443/job/847984400,02459,0.72
DESTIMP-12815259-26-VL,Special Agent - Psychology/Counseling Background,Federal Bureau of Investigation,federal,usajobs,99461,128329,"Boston, Massachusetts",42.358635,-71.0567,,2025-12-31T12:38:36.0730,https://www.usajobs.gov:443/job/847985600,02459,0.72
DESTIMP-12815267-26-VL,Special Agent - Healthcare Services/Medical Background,Federal Bureau of Investigation,federal,usajobs,99461,128329,"Boston, Massachusetts",42.358635,-71.0567,,2025-12-31T12:43:04.0600,https://www.usajobs.gov:443/job/847987400,02459,0.72
DESTIMP-12815278-26-VL,Special Agent - Cybersecurity/Technology Background,Federal Bureau of Investigation,federal,usajobs,99461,128329,"Boston, Massachusetts",42.358635,-71.0567,,2025-12-31T12:46:57.4130,https://www.usajobs.gov:443/job/847989800,02459,0.72
DESTIMP-12814952-26-VL,Special Agent - Current Federal 1811s Only,Federal Bureau of Investigation,federal,usajobs,99461,164785,"Boston, Massachusetts",42.358635,-71.0567,,2025-12-31T11:14:45.7530,https://www.usajobs.gov:443/job/847955600,02459,0.72
CBTD-12809894-26-TMB,Physician - Primary Care,Veterans Health Administration,federal,usajobs,225000,265000,"Boston, Massachusetts",42.358635,-71.0567,,2025-10-07T00:00:00.0000,https://www.usajobs.gov:443/job/847613200,02459,0.72
CBTD-12811772-26-LL,Medical Support Assistant (Advanced),Veterans Health Administration,federal,usajobs,55959,72744,"Boston, Massachusetts",42.358635,-71.0567,,2025-10-07T00:00:00.0000,https://www.usajobs.gov:443/job/847668800,02459,0.72
PUBLICNOTICE-DEA-BA2025,PUBLIC NOTICE- DEA Criminal Investigators,Drug Enforcement Administration,federal,usajobs,48854,82938,"Boston, Massachusetts",42.358635,-71.0567,,2025-03-17T00:00:00.0000,https://www.usajobs.gov:443/job/833745400,02459,0.72
E-26-0855-12808179-TVM,Electronic Engineer,Air Force Civilian Career Training,federal,usajobs,55486,83525,"Boston, Massachusetts",42.358635,-71.0567,,2025-10-01T00:00:00.0000,https://www.usajobs.gov:443/job/847097100,02459,0.72
CBTD-12764973-25-LS,Physician (Physical Medicine & Rehab),Veterans Health Administration,federal,usajobs,240000,289900,"Boston, Massachusetts",42.358635,-71.0567,,2025-12-17T09:51:41.3630,https://www.usajobs.gov:443/job/840656400,02459,0.72
JDP-12796832-25-DJ,Intelligence Research Specialist,Department of Homeland Security - Agency Wide,federal,usajobs,91430,161448,"Boston, Massachusetts",42.358635,-71.0567,,2025-09-08T00:00:00.0000,https://www.usajobs.gov:443/job/845309600,02459,0.72
FAA-ATO-26-PUBNOT-96438,Air Traffic Control Specialist (Direct Hire Enhanced CTI Program/E-CTI),Federal Aviation Administration,federal,usajobs,46560,175785,"Boston, Massachusetts",42.358635,-71.0567,,2025-10-03T00:00:00.0000,https://www.usajobs.gov:443/job/847388600,02459,0.72
DHA-FY25/26-GS-PCIP-1-JSC,Student Trainee,Air Force Civilian Career Training,federal,usajobs,36825,52426,"Boston, Massachusetts",42.358635,-71.0567,,2025-09-29T00:00:00.0000,https://www.usajobs.gov:443/job/846866000,02459,0.72
FAA-FAA-26-PUB NOT-96466,Public Notice for Air Traffic Control Specialist (Direct Hire),Federal Aviation Administration,federal,usajobs,43727,165088,"Boston, Massachusetts",42.358635,-71.0567,,2025-10-03T00:00:00.0000,https://www.usajobs.gov:443/job/847375100,02459,0.72
DOWVolunteerForce-2025,Volunteer Force (DOW Detail),Federal Emergency Management Agency,federal,usajobs,25684,191900,"Boston, Massachusetts",42.358635,-71.0567,,2025-09-29T14:18:01.4670,https://www.usajobs.gov:443/job/846915600,02459,0.72
FAA-AHF-26-PUB NOT-96448,"PUBLIC NOTICE - Airway Transportation Systems Specialist (G- ENV, RAD, NAV, AUT, COM & F ENTRY)",Federal Aviation Administration,federal,usajobs,68863,82154,"Boston, Massachusetts",42.358635,-71.0567,,2025-10-03T00:00:00.0000,https://www.usajobs.gov:443/job/847375300,02459,0.72
DE-12800683-25-TM,COMPUTER ENGINEER,Air Force Civilian Career Training,federal,usajobs,56763,88225,"Boston, Massachusetts",42.358635,-71.0567,,2025-10-01T00:00:00.0000,https://www.usajobs.gov:443/job/847080100,02459,0.72
E-26-2210-PAQ-12800560-GLH,IT SPECIALIST,Air Force Civilian Career Training,federal,usajobs,56763,88225,"Boston, Massachusetts",42.358635,-71.0567,,2025-10-01T00:00:00.0000,https://www.usajobs.gov:443/job/847096900,02459,0.72
AGL-ERR-25-2101-96016,Technical Operations (AJW) Airway Transportation Systems Specialist Employee Requested Reassignment,Federal Aviation Administration,federal,usajobs,46366,146571,"Boston, Massachusetts",42.358635,-71.0567,,2025-09-29T00:00:00.0000,https://www.usajobs.gov:443/job/846713900,02459,0.72
DEST-12815163-26-VL,Special Agent - Law/Legal Background,Federal Bureau of Investigation,federal,usajobs,99461,128329,"Boston, Massachusetts",42.358635,-71.0567,,2025-12-31T11:56:48.8730,https://www.usajobs.gov:443/job/847974700,02459,0.72
26-FO-ST-12840150-RT,Criminal Investigator (Special Agent) (Open Continuous Announcement),"Bureau of Alcohol, Tobacco, Firearms, and Explosives",federal,usajobs,73939,171268,"Boston, Massachusetts",42.358635,-71.0567,,2025-11-21T00:00:00.0000,https://www.usajobs.gov:443/job/850788500,02459,0.72
ACIJ-12792917-25-TNN,Supervisory Immigration Judge (Assistant Chief Immigration Judge),Executive Office for Immigration Review,federal,usajobs,159951,207500,"Boston, Massachusetts",42.358635,-71.0567,,2025-10-01T00:00:00.0000,https://www.usajobs.gov:443/job/847169800,02459,0.72
5567518432,Master's Level Clinician (Seeking LICSW) - Fee For Service,Thriveworks,private,adzuna,92190.03,92190.03,"Nonantum, Middlesex County",42.331567,-71.207082,False,2026-01-04T19:52:59Z,https://www.adzuna.com/details/5567518432?utm_medium=api&utm_source=516145e7,02459,0.69
K-26-DHA-12804734-AKK,MATHEMATICIAN,Air Force Civilian Career Training,federal,usajobs,49960,99314,"Natick, Massachusetts",42.286865,-71.35,,2025-09-29T00:00:00.0000,https://www.usajobs.gov:443/job/846709100,02459,0.69
MCFS-26-12830260-DHAS,Security Guard,United States Army Installation Management Command,federal,usajobs,38407,49927,"Natick, Massachusetts",42.286865,-71.35,,2025-11-21T00:00:00.0000,https://www.usajobs.gov:443/job/850620000,02459,0.69
K-26-DHA-12804858-AKK,DATA SCIENTIST,Air Force Civilian Career Training,federal,usajobs,49960,99314,"Natick, Massachusetts",42.286865,-71.35,,2025-09-29T00:00:00.0000,https://www.usajobs.gov:443/job/846709300,02459,0.69
5564046242,Licensed Talk Therapist - Fee For Service,Thriveworks,private,adzuna,136301.19,136301.19,"Nonantum, Middlesex County",42.331567,-71.207082,False,2026-01-01T20:03:55Z,https://www.adzuna.com/details/5564046242?utm_medium=api&utm_source=516145e7,02459,0.69
K-26-DHA-12804781-AKK,PHYSICAL SCIENTIST (ENVIRONMENTAL),Air Force Civilian Career Training,federal,usajobs,49960,99314,"Natick, Massachusetts",42.286865,-71.35,,2025-09-29T00:00:00.0000,https://www.usajobs.gov:443/job/846709200,02459,0.69
AFMC-2210-03-12837998-JCN,INFORMATION TECHNOLOGY SPECIALIST (INFOSEC),Air Force Materiel Command,federal,usajobs,75706,117034,"Hanscom AFB, Massachusetts",42.4587,-71.2763,,2025-11-20T00:00:00.0000,https://www.usajobs.gov:443/job/850507600,02459,0.68
Q-26-DHA12794714-1102-07,CONTRACT SPECIALIST,Air Force Civilian Career Training,federal,usajobs,49960,64952,"Hanscom AFB, Massachusetts",42.4587,-71.2763,,2025-10-01T00:00:00.0000,https://www.usajobs.gov:443/job/846852600,02459,0.68
25-7WFSW007476,RECREATON ASSISTANT (SWIM INSTRUCTOR),Air Force Materiel Command,federal,usajobs,22,26,"Hanscom AFB, Massachusetts",42.4587,-71.2763,,2025-10-08T14:34:02.9200,https://www.usajobs.gov:443/job/847788300,02459,0.68
K-26-DHA-12806468-GAA,OPERATIONS RESEARCH ANALYST,Air Force Civilian Career Training,federal,usajobs,49960,99314,"Hanscom AFB, Massachusetts",42.4587,-71.2763,,2025-09-29T00:00:00.0000,https://www.usajobs.gov:443/job/846734800,02459,0.68
AFMC-221003-12837494-SAP,IT CYBERSECURITY SPECIALIST (INFOSEC)-DIRECT HIRE AUTHORITY,Air Force Materiel Command,federal,usajobs,88621,137000,"Hanscom AFB, Massachusetts",42.4587,-71.2763,,2025-11-19T00:00:00.0000,https://www.usajobs.gov:443/job/850366800,02459,0.68
C-26-DHA-0501-FMS-PK,FINANCIAL MANAGEMENT SPECIALIST,Air Force Civilian Career Training,federal,usajobs,49960,115213,"Hanscom AFB, Massachusetts",42.4587,-71.2763,,2025-10-01T00:00:00.0000,https://www.usajobs.gov:443/job/850124600,02459,0.68
C-26-DHA-0501-CA-PK,COST ANALYST,Air Force Civilian Career Training,federal,usajobs,96960,115213,"Hanscom AFB, Massachusetts",42.4587,-71.2763,,2025-10-01T00:00:00.0000,https://www.usajobs.gov:443/job/850122900,02459,0.68
25-7WFSW007469,RECREATION AID (LIFEGUARD),Air Force Materiel Command,federal,usajobs,18,23,"Hanscom AFB, Massachusetts",42.4587,-71.2763,,2025-10-08T14:24:49.4700,https://www.usajobs.gov:443/job/847786400,02459,0.68
K-26-DHA-12806875-MDL,PSYCHOLOGIST,Air Force Civilian Career Training,federal,usajobs,49960,99314,"Hanscom AFB, Massachusetts",42.4587,-71.2763,,2025-09-29T00:00:00.0000,https://www.usajobs.gov:443/job/846774400,02459,0.68
K-26-DHA-12807275-MDL,PHYSICIST,Air Force Civilian Career Training,federal,usajobs,49960,99314,"Hanscom AFB, Massachusetts",42.4587,-71.2763,,2025-09-29T00:00:00.0000,https://www.usajobs.gov:443/job/846774500,02459,0.68
C-26-DHA-0560-PK,BUDGET ANALYST,Air Force Civilian Career Training,federal,usajobs,49960,115213,"Hanscom AFB, Massachusetts",42.4587,-71.2763,,2025-10-01T00:00:00.0000,https://www.usajobs.gov:443/job/850124900,02459,0.68
DHA-FY25/26-GS-PCIP-1-JSC,Student Trainee,Air Force Civilian Career Training,federal,usajobs,36825,52426,"Hanscom AFB, Massachusetts",42.4587,-71.2763,,2025-09-29T00:00:00.0000,https://www.usajobs.gov:443/job/846866000,02459,0.68
K-26-DHA-12804734-AKK,MATHEMATICIAN,Air Force Civilian Career Training,federal,usajobs,49960,99314,"Hanscom AFB, Massachusetts",42.4587,-71.2763,,2025-09-29T00:00:00.0000,https://www.usajobs.gov:443/job/846709100,02459,0.68
K-26-DHA-12804781-AKK,PHYSICAL SCIENTIST (ENVIRONMENTAL),Air Force Civilian Career Training,federal,usajobs,49960,99314,"Hanscom AFB, Massachusetts",42.4587,-71.2763,,2025-09-29T00:00:00.0000,https://www.usajobs.gov:443/job/846709200,02459,0.68
K-26-DHA-12804858-AKK,DATA SCIENTIST,Air Force Civilian Career Training,federal,usajobs,49960,99314,"Hanscom AFB, Massachusetts",42.4587,-71.2763,,2025-09-29T00:00:00.0000,https://www.usajobs.gov:443/job/846709300,02459,0.68
C-26-DHA-ACCT-0510-PK,ACCOUNTANT,Air Force Civilian Career Training,federal,usajobs,49960,113213,"Hanscom AFB, Massachusetts",42.4587,-71.2763,,2025-10-01T00:00:00.0000,https://www.usajobs.gov:443/job/850125600,02459,0.68
K-26-DHA-12807107-MDL,BIOLOGICAL SCIENTIST (ENVIRONMENTAL),Air Force Civilian Career Training,federal,usajobs,49960,99314,"Hanscom AFB, Massachusetts",42.4587,-71.2763,,2025-09-29T00:00:00.0000,https://www.usajobs.gov:443/job/846774300,02459,0.68
K-26-DHA-12806014-BJM,ENGINEERING,Air Force Civilian Career Training,federal,usajobs,55486,99314,"Hanscom AFB, Massachusetts",42.4587,-71.2763,,2025-09-29T00:00:00.0000,https://www.usajobs.gov:443/job/846773600,02459,0.68
K-26-DHA-12806437,CHEMIST,Air Force Civilian Career Training,federal,usajobs,55486,99314,"Hanscom AFB, Massachusetts",42.4587,-71.2763,,2025-09-29T00:00:00.0000,https://www.usajobs.gov:443/job/846730500,02459,0.68
R-26-DHA-12805703-KLB,ACQUISITION PROGRAM MANAGEMENT SPECIALIST,Air Force Civilian Career Training,federal,usajobs,61111,92615,"Hanscom AFB, Massachusetts",42.4587,-71.2763,,2025-11-14T07:45:16.7270,https://www.usajobs.gov:443/job/850081900,02459,0.68
K-26-DHA-12806825-GAA,Computer Scientist,Air Force Civilian Career Training,federal,usajobs,56763,99314,"Hanscom AFB, Massachusetts",42.4587,-71.2763,,2025-09-29T00:00:00.0000,https://www.usajobs.gov:443/job/846731400,02459,0.68
AFMC-050103-12537456-SAP,FINANCIAL MANAGEMENT SPECIALIST-DIRECT HIRE AUTHORITY,Air Force Materiel Command,federal,usajobs,88621,137000,"Hanscom AFB, Massachusetts",42.4587,-71.2763,,2025-11-19T00:00:00.0000,https://www.usajobs.gov:443/job/850359100,02459,0.68
DECA-26-12815161-OC-DH,Store Associate,Defense Commissary Agency,federal,usajobs,19.56,25.43,"Hanscom AFB, Massachusetts",42.4587,-71.2763,,2025-10-17T00:00:00.0000,https://www.usajobs.gov:443/job/848203100,02459,0.68
DECA-26-12815209-OC-DH,Store Worker,Defense Commissary Agency,federal,usajobs,23.57,27.5,"Hanscom AFB, Massachusetts",42.4587,-71.2763,,2025-10-24T00:00:00.0000,https://www.usajobs.gov:443/job/848766900,02459,0.68
AFMC-086103-12829080-KDB,AEROSPACE ENGINEER,Air Force Materiel Command,federal,usajobs,88621,155164,"Hanscom AFB, Massachusetts",42.4587,-71.2763,,2025-11-04T00:00:00.0000,https://www.usajobs.gov:443/job/849493600,02459,0.68
DECA-26-12815241-OC-DH,Meatcutting Worker,Defense Commissary Agency,federal,usajobs,25.73,30.02,"Hanscom AFB, Massachusetts",42.4587,-71.2763,,2025-10-24T00:00:00.0000,https://www.usajobs.gov:443/job/848811900,02459,0.68
DECA-26-12815116-OC-DH,Sales Store Checker,Defense Commissary Agency,federal,usajobs,17.43,22.65,"Hanscom AFB, Massachusetts",42.4587,-71.2763,,2025-10-17T00:00:00.0000,https://www.usajobs.gov:443/job/848175500,02459,0.68
AFMC-085503-12829137-KDB,ELECTRONICS ENGINEER,Air Force Materiel Command,federal,usajobs,88621,155164,"Hanscom AFB, Massachusetts",42.4587,-71.2763,,2025-11-04T00:00:00.0000,https://www.usajobs.gov:443/job/849511700,02459,0.68
AFMC-080103-12837414-SAP,GENERAL ENGINEER-DIRECT HIRE AUTHORITY,Air Force Materiel Command,federal,usajobs,88621,137000,"Hanscom AFB, Massachusetts",42.4587,-71.2763,,2025-11-19T00:00:00.0000,https://www.usajobs.gov:443/job/850353300,02459,0.68
R-26-DHA-12807068-KLB,ACQUISITION PROGRAM MANGEMENT SPECIALIST,Air Force Civilian Career Training,federal,usajobs,49960,75722,"Hanscom AFB, Massachusetts",42.4587,-71.2763,,2025-10-01T00:00:00.0000,https://www.usajobs.gov:443/job/850080700,02459,0.68
25-7WFSY025699,CHILD AND YOUTH PROGRAM ASSISTANT,Air Force Materiel Command,federal,usajobs,20.75,24.79,"Hanscom AFB, Massachusetts",42.4587,-71.2763,,2025-11-17T06:53:18.8500,https://www.usajobs.gov:443/job/850190900,02459,0.68
5564014864,Master's Level Clinician (Seeking LICSW) - Fee For Service,Thriveworks,private,adzuna,109721.27,109721.27,"Brookline, Norfolk County",42.3293,-71.1312,False,2026-01-01T19:58:31Z,https://www.adzuna.com/details/5564014864?utm_medium=api&utm_source=516145e7,02459,0.67
5564015661,Master's Level Clinician (Seeking LICSW) - Fee For Service,Thriveworks,private,adzuna,101025.72,101025.72,"Needham Heights, Norfolk County",42.30153,-71.23159,False,2026-01-01T19:58:42Z,https://www.adzuna.com/details/5564015661?utm_medium=api&utm_source=516145e7,02459,0.66
FAA-AHF-26-PUB NOT-96448,"PUBLIC NOTICE - Airway Transportation Systems Specialist (G- ENV, RAD, NAV, AUT, COM & F ENTRY)",Federal Aviation Administration,federal,usajobs,68863,82154,"Bedford, Massachusetts",42.4917,-71.274,,2025-10-03T00:00:00.0000,https://www.usajobs.gov:443/job/847375300,02459,0.66
AGL-ERR-25-2101-96016,Technical Operations (AJW) Airway Transportation Systems Specialist Employee Requested Reassignment,Federal Aviation Administration,federal,usajobs,46366,146571,"Bedford, Massachusetts",42.4917,-71.274,,2025-09-29T00:00:00.0000,https://www.usajobs.gov:443/job/846713900,02459,0.66
FAA-ATO-26-PUBNOT-96438,Air Traffic Control Specialist (Direct Hire Enhanced CTI Program/E-CTI),Federal Aviation Administration,federal,usajobs,46560,175785,"Bedford, Massachusetts",42.4917,-71.274,,2025-10-03T00:00:00.0000,https://www.usajobs.gov:443/job/847388600,02459,0.66
CBTD-12809894-26-TMB,Physician - Primary Care,Veterans Health Administration,federal,usajobs,225000,265000,"Bedford, Massachusetts",42.4917,-71.274,,2025-10-07T00:00:00.0000,https://www.usajobs.gov:443/job/847613200,02459,0.66
FAA-AHF-26-PUB NOT-96448,"PUBLIC NOTICE - Airway Transportation Systems Specialist (G- ENV, RAD, NAV, AUT, COM & F ENTRY)",Federal Aviation Administration,federal,usajobs,68863,82154,"Burlington, Massachusetts",42.506775,-71.195885,,2025-10-03T00:00:00.0000,https://www.usajobs.gov:443/job/847375300,02459,0.66
CBTD-12829101-26-JG,Nursing Assistant,Veterans Health Administration,federal,usajobs,43491,70999,"Bedford, Massachusetts",42.4917,-71.274,,2025-11-04T00:00:00.0000,https://www.usajobs.gov:443/job/849482000,02459,0.66
CBTD-12813582-26-MJ,Medical Support Assistant (Advanced),Veterans Health Administration,federal,usajobs,55959,72744,"Bedford, Massachusetts",42.4917,-71.274,,2025-10-14T16:49:36.7370,https://www.usajobs.gov:443/job/848105700,02459,0.66
CBTD-12816824-26-KL,Food Service Worker,Veterans Health Administration,federal,usajobs,19.24,22.44,"Bedford, Massachusetts",42.4917,-71.274,,2025-10-22T00:00:00.0000,https://www.usajobs.gov:443/job/848714500,02459,0.66
CBTD-12829473-26-JG,Practical Nurse,Veterans Health Administration,federal,usajobs,63079,97677,"Bedford, Massachusetts",42.4917,-71.274,,2025-11-10T00:00:00.0000,https://www.usajobs.gov:443/job/849811500,02459,0.66
FAA-FAA-26-PUB NOT-96466,Public Notice for Air Traffic Control Specialist (Direct Hire),Federal Aviation Administration,federal,usajobs,43727,165088,"Bedford, Massachusetts",42.4917,-71.274,,2025-10-03T00:00:00.0000,https://www.usajobs.gov:443/job/847375100,02459,0.66
ANM-AFX-26-1458045-96479,"Aviation Safety Inspector (GAO), Assistant Principal Operations Inspector (APOI)",Federal Aviation Administration,federal,usajobs,90025,117034,"Burlington, Massachusetts",42.506775,-71.195885,,2026-01-05T00:00:00.0000,https://www.usajobs.gov:443/job/850411300,02459,0.66
5564048331,Licensed Talk Therapist - Fee For Service,Thriveworks,private,adzuna,112225.16,112225.16,"North Waltham, Middlesex County",42.39445,-71.21697,False,2026-01-01T20:04:10Z,https://www.adzuna.com/details/5564048331?utm_medium=api&utm_source=516145e7,02459,0.65
5567518404,Master's Level Clinician (Seeking LICSW) - Fee For Service,Thriveworks,private,adzuna,108441.74,108441.74,"Cambridgeport, Middlesex County",42.365079,-71.104519,False,2026-01-04T19:52:58Z,https://www.adzuna.com/details/5567518404?utm_medium=api&utm_source=516145e7,02459,0.65
5564045862,Part Time Licensed Talk Therapist - Fee For Service,Thriveworks,private,adzuna,96183.52,96183.52,"South Waltham, Middlesex County",42.3764,-71.23946,False,2026-01-01T20:03:53Z,https://www.adzuna.com/details/5564045862?utm_medium=api&utm_source=516145e7,02459,0.65
5564045454,Part Time Licensed Talk Therapist - Fee For Service,Thriveworks,private,adzuna,109715.94,109715.94,"Roxbury Crossing, Suffolk County",42.3333,-71.09694,False,2026-01-01T20:03:51Z,https://www.adzuna.com/details/5564045454?utm_medium=api&utm_source=516145e7,02459,0.65
5564015399,Master's Level Clinician (Seeking LICSW) - Fee For Service,Thriveworks,private,adzuna,119590.84,119590.84,"Cambridge, Middlesex County",42.378296,-71.130446,False,2026-01-01T19:58:39Z,https://www.adzuna.com/details/5564015399?utm_medium=api&utm_source=516145e7,02459,0.65
5564014985,Master's Level Clinician (Seeking LMHC) - Fee For Service,Thriveworks,private,adzuna,103654.41,103654.41,"Belmont, Middlesex County",42.38829,-71.18917,False,2026-01-01T19:58:32Z,https://www.adzuna.com/details/5564014985?utm_medium=api&utm_source=516145e7,02459,0.65
5564047003,Part Time Licensed Talk Therapist - Fee For Service,Thriveworks,private,adzuna,98729.89,98729.89,"Babson Park, Norfolk County",42.298708,-71.2595,False,2026-01-01T20:04:01Z,https://www.adzuna.com/details/5564047003?utm_medium=api&utm_source=516145e7,02459,0.64
5564015643,Master's Level Clinician (Seeking LICSW) - Fee For Service,Thriveworks,private,adzuna,99845.88,99845.88,"Wellesley Hills, Norfolk County",42.310999,-71.280674,False,2026-01-01T19:58:41Z,https://www.adzuna.com/details/5564015643?utm_medium=api&utm_source=516145e7,02459,0.64
CBTD-12807472-25-TMB,Physician - Medical Director Primary Care CBOC,Veterans Health Administration,federal,usajobs,221000,278000,"Framingham, Massachusetts",42.281418,-71.43455,,2025-09-30T00:00:00.0000,https://www.usajobs.gov:443/job/847229900,02459,0.64
FAA-AHF-26-PUB NOT-96448,"PUBLIC NOTICE - Airway Transportation Systems Specialist (G- ENV, RAD, NAV, AUT, COM & F ENTRY)",Federal Aviation Administration,federal,usajobs,68863,82154,"Hull, Massachusetts",42.302917,-70.90844,,2025-10-03T00:00:00.0000,https://www.usajobs.gov:443/job/847375300,02459,0.63
FAA-AHF-26-PUB NOT-96448,"PUBLIC NOTICE - Airway Transportation Systems Specialist (G- ENV, RAD, NAV, AUT, COM & F ENTRY)",Federal Aviation Administration,federal,usajobs,68863,82154,"Reading, Massachusetts",42.529438,-71.10227,,2025-10-03T00:00:00.0000,https://www.usajobs.gov:443/job/847375300,02459,0.63
5564015186,Master's Level Clinician (Seeking LMHC) - Fee For Service,Thriveworks,private,adzuna,115586.66,115586.66,"West Somerville, Middlesex County",42.40278,-71.12148,False,2026-01-01T19:58:35Z,https://www.adzuna.com/details/5564015186?utm_medium=api&utm_source=516145e7,02459,0.63
5564015482,Master's Level Clinician (Seeking LMHC) - Fee For Service,Thriveworks,private,adzuna,95757.02,95757.02,"Stony Brook, Middlesex County",42.41399,-71.17694,False,2026-01-01T19:58:40Z,https://www.adzuna.com/details/5564015482?utm_medium=api&utm_source=516145e7,02459,0.63
5564014846,Master's Level Clinician (Seeking LICSW) - Fee For Service,Thriveworks,private,adzuna,95636.83,95636.83,"Boston, Suffolk County",42.35837,-71.06022,False,2026-01-01T19:58:31Z,https://www.adzuna.com/details/5564014846?utm_medium=api&utm_source=516145e7,02459,0.62
CBTD-12813582-26-MJ,Medical Support Assistant (Advanced),Veterans Health Administration,federal,usajobs,55959,72744,"Lynn, Massachusetts",42.4637,-70.9502,,2025-10-14T16:49:36.7370,https://www.usajobs.gov:443/job/848105700,02459,0.62
5564560296,Building Enclosure Consultant - Boston,BUILDING ENCLOSURE SCIENCE,private,adzuna,143486.3,143486.3,"Boston, Suffolk County",42.361749,-71.0663,False,2026-01-02T08:07:08Z,https://www.adzuna.com/details/5564560296?utm_medium=api&utm_source=516145e7,02459,0.62
5562690522,Board Certified Behavior Analyst,South Shore Autism Center LLC,private,adzuna,99654.29,99654.29,"Mattapan, Suffolk County",42.26004,-71.08866,False,2026-01-01T07:57:36Z,https://www.adzuna.com/details/5562690522?utm_medium=api&utm_source=516145e7,02459,0.62
5564015083,Master's Level Clinician (Seeking LICSW) - Fee For Service,Thriveworks,private,adzuna,113185.74,113185.74,"Uphams Corner, Suffolk County",42.31518,-71.05908,False,2026-01-01T19:58:34Z,https://www.adzuna.com/details/5564015083?utm_medium=api&utm_source=516145e7,02459,0.62
5564014974,Master's Level Clinician (Seeking LMHC) - Fee For Service,Thriveworks,private,adzuna,98407.66,98407.66,"Milton Village, Norfolk County",42.26407,-71.08014,False,2026-01-01T19:58:32Z,https://www.adzuna.com/details/5564014974?utm_medium=api&utm_source=516145e7,02459,0.61
5564047479,Part Time Licensed Talk Therapist - Fee For Service,Thriveworks,private,adzuna,98754,98754,"Dover, Norfolk County",42.237588,-71.283813,False,2026-01-01T20:04:06Z,https://www.adzuna.com/details/5564047479?utm_medium=api&utm_source=516145e7,02459,0.6
5564046924,Part Time Licensed Talk Therapist - Fee For Service,Thriveworks,private,adzuna,114087.18,114087.18,"Norfolk Downs, Norfolk County",42.281819,-71.026731,False,2026-01-01T20:04:00Z,https://www.adzuna.com/details/5564046924?utm_medium=api&utm_source=516145e7,02459,0.59
5564014799,Master's Level Clinician (Seeking LICSW) - Fee For Service,Thriveworks,private,adzuna,107381.14,107381.14,"Lincoln, Middlesex County",42.424842,-71.312427,False,2026-01-01T19:58:30Z,https://www.adzuna.com/details/5564014799?utm_medium=api&utm_source=516145e7,02459,0.59
FAA-AHF-26-PUB NOT-96448,"PUBLIC NOTICE - Airway Transportation Systems Specialist (G- ENV, RAD, NAV, AUT, COM & F ENTRY)",Federal Aviation Administration,federal,usajobs,68863,82154,"Marlboro, Massachusetts",42.346806,-71.548,,2025-10-03T00:00:00.0000,https://www.usajobs.gov:443/job/847375300,02459,0.58
FAA-AHF-26-PUB NOT-96448,"PUBLIC NOTICE - Airway Transportation Systems Specialist (G- ENV, RAD, NAV, AUT, COM & F ENTRY)",Federal Aviation Administration,federal,usajobs,68863,82154,"Peabody, Massachusetts",42.52636,-70.92851,,2025-10-03T00:00:00.0000,https://www.usajobs.gov:443/job/847375300,02459,0.58
FAA-AHF-26-PUB NOT-96448,"PUBLIC NOTICE - Airway Transportation Systems Specialist (G- ENV, RAD, NAV, AUT, COM & F ENTRY)",Federal Aviation Administration,federal,usajobs,68863,82154,"Marlborough, Massachusetts",42.346806,-71.548,,2025-10-03T00:00:00.0000,https://www.usajobs.gov:443/job/847375300,02459,0.58
5564048055,Licensed Talk Therapist - Fee For Service,Thriveworks,private,adzuna,121419.7,121419.7,"Revere Beach, Suffolk County",42.416359,-71.005935,False,2026-01-01T20:04:09Z,https://www.adzuna.com/details/5564048055?utm_medium=api&utm_source=516145e7,02459,0.57
CBTD-12811772-26-LL,Medical Support Assistant (Advanced),Veterans Health Administration,federal,usajobs,55959,72744,"Brockton, Massachusetts",42.08317,-71.01724,,2025-10-07T00:00:00.0000,https://www.usajobs.gov:443/job/847668800,02459,0.57
5564045305,Part Time Licensed Talk Therapist - Fee For Service,Thriveworks,private,adzuna,99126.99,99126.99,"Quincy, Norfolk County",42.25098,-71.00232,False,2026-01-01T20:03:50Z,https://www.adzuna.com/details/5564045305?utm_medium=api&utm_source=516145e7,02459,0.57
5567518543,Master's Level Clinician (Seeking LICSW) - Fee For Service,Thriveworks,private,adzuna,95123.53,95123.53,"Quincy, Norfolk County",42.25098,-71.00232,False,2026-01-04T19:53:01Z,https://www.adzuna.com/details/5567518543?utm_medium=api&utm_source=516145e7,02459,0.57
5564015389,Master's Level Clinician (Seeking LMHC) - Fee For Service,Thriveworks,private,adzuna,123388.72,123388.72,"Burlington, Middlesex County",42.50848,-71.201131,False,2026-01-01T19:58:39Z,https://www.adzuna.com/details/5564015389?utm_medium=api&utm_source=516145e7,02459,0.56
ACIJ-12792917-25-TNN,Supervisory Immigration Judge (Assistant Chief Immigration Judge),Executive Office for Immigration Review,federal,usajobs,159951,207500,"Chelmsford, Massachusetts",42.6,-71.35,,2025-10-01T00:00:00.0000,https://www.usajobs.gov:443/job/847169800,02459,0.56
5564015368,Master's Level Clinician (Seeking LICSW) - Fee For Service,Thriveworks,private,adzuna,118110.59,118110.59,"Bedford, Middlesex County",42.491671,-71.275992,False,2026-01-01T19:58:38Z,https://www.adzuna.com/details/5564015368?utm_medium=api&utm_source=516145e7,02459,0.56
5564015384,Master's Level Clinician (Seeking LICSW) - Fee For Service,Thriveworks,private,adzuna,116271.46,116271.46,"West Concord, Middlesex County",42.456709,-71.372695,False,2026-01-01T19:58:38Z,https://www.adzuna.com/details/5564015384?utm_medium=api&utm_source=516145e7,02459,0.55
5564015048,Master's Level Clinician (Seeking LICSW) - Fee For Service,Thriveworks,private,adzuna,89079.16,89079.16,"Medfield, Norfolk County",42.180215,-71.30417,False,2026-01-01T19:58:33Z,https://www.adzuna.com/details/5564015048?utm_medium=api&utm_source=516145e7,02459,0.55
5564045448,Part Time Licensed Talk Therapist - Fee For Service,Thriveworks,private,adzuna,95114.73,95114.73,"East Walpole, Norfolk County",42.153813,-71.217154,False,2026-01-01T20:03:51Z,https://www.adzuna.com/details/5564045448?utm_medium=api&utm_source=516145e7,02459,0.55
5564047523,Part Time Licensed Talk Therapist - Fee For Service,Thriveworks,private,adzuna,112155.19,112155.19,"Wakefield, Middlesex County",42.501445,-71.069036,False,2026-01-01T20:04:06Z,https://www.adzuna.com/details/5564047523?utm_medium=api&utm_source=516145e7,02459,0.54
5565203617,Physical Therapy Assistant - PTA - Part Time,Visiting Rehab and Nursing Services,private,adzuna,76960,83200,"Randolph, Norfolk County",42.173343,-71.049503,False,2026-01-02T14:56:22Z,https://www.adzuna.com/details/5565203617?utm_medium=api&utm_source=516145e7,02459,0.54
5562691929,Family Support Transition Coordinator,"Communitas, Inc.",private,adzuna,49920,53040,"Wakefield, Middlesex County",42.501445,-71.069036,False,2026-01-01T07:57:56Z,https://www.adzuna.com/details/5562691929?utm_medium=api&utm_source=516145e7,02459,0.54
5564015605,Master's Level Clinician (Seeking LICSW) - Fee For Service,Thriveworks,private,adzuna,107486.67,107486.67,"Wakefield, Middlesex County",42.501445,-71.069036,False,2026-01-01T19:58:41Z,https://www.adzuna.com/details/5564015605?utm_medium=api&utm_source=516145e7,02459,0.54
FAA-AHF-26-PUB NOT-96448,"PUBLIC NOTICE - Airway Transportation Systems Specialist (G- ENV, RAD, NAV, AUT, COM & F ENTRY)",Federal Aviation Administration,federal,usajobs,68863,82154,"Westford, Massachusetts",42.5792,-71.4383,,2025-10-03T00:00:00.0000,https://www.usajobs.gov:443/job/847375300,02459,0.54
5564014875,Master's Level Clinician (Seeking LMHC) - Fee For Service,Thriveworks,private,adzuna,102432.24,102432.24,"Framingham, Middlesex County",42.31995,-71.44022,False,2026-01-01T19:58:31Z,https://www.adzuna.com/details/5564014875?utm_medium=api&utm_source=516145e7,02459,0.54
5564015004,Master's Level Clinician (Seeking LICSW) - Fee For Service,Thriveworks,private,adzuna,95492.55,95492.55,"Walpole, Norfolk County",42.145832,-71.253486,False,2026-01-01T19:58:33Z,https://www.adzuna.com/details/5564015004?utm_medium=api&utm_source=516145e7,02459,0.54
5567520886,Licensed Talk Therapist - Fee For Service,Thriveworks,private,adzuna,99191.77,99191.77,"Framingham, Middlesex County",42.32009,-71.44003,False,2026-01-04T19:55:35Z,https://www.adzuna.com/details/5567520886?utm_medium=api&utm_source=516145e7,02459,0.54
5564015082,Master's Level Clinician (Seeking LICSW) - Fee For Service,Thriveworks,private,adzuna,93404.48,93404.48,"North Weymouth, Norfolk County",42.244532,-70.943495,False,2026-01-01T19:58:34Z,https://www.adzuna.com/details/5564015082?utm_medium=api&utm_source=516145e7,02459,0.53
5564015228,Master's Level Clinician (Seeking LMHC) - Fee For Service,Thriveworks,private,adzuna,100735.75,100735.75,"North Weymouth, Norfolk County",42.244532,-70.943495,False,2026-01-01T19:58:35Z,https://www.adzuna.com/details/5564015228?utm_medium=api&utm_source=516145e7,02459,0.53
CBTD-12811772-26-LL,Medical Support Assistant (Advanced),Veterans Health Administration,federal,usajobs,55959,72744,"Lowell, Massachusetts",42.64589,-71.31284,,2025-10-07T00:00:00.0000,https://www.usajobs.gov:443/job/847668800,02459,0.53
PUBLICNOTICE-DEA-BA2025,PUBLIC NOTICE- DEA Criminal Investigators,Drug Enforcement Administration,federal,usajobs,48854,82938,"Lowell, Massachusetts",42.64589,-71.31284,,2025-03-17T00:00:00.0000,https://www.usajobs.gov:443/job/833745400,02459,0.53
5564046262,Licensed Talk Therapist - Fee For Service,Thriveworks,private,adzuna,175414.22,175414.22,"Lynnfield, Essex County",42.53418,-71.03016,False,2026-01-01T20:03:55Z,https://www.adzuna.com/details/5564046262?utm_medium=api&utm_source=516145e7,02459,0.51
5564015455,Master's Level Clinician (Seeking LMHC) - Fee For Service,Thriveworks,private,adzuna,112406.72,112406.72,"Holliston, Middlesex County",42.199627,-71.435015,False,2026-01-01T19:58:39Z,https://www.adzuna.com/details/5564015455?utm_medium=api&utm_source=516145e7,02459,0.51
5564015623,Master's Level Clinician (Seeking LICSW) - Fee For Service,Thriveworks,private,adzuna,131161.6,131161.6,"West Lynn, Essex County",42.488,-70.963402,False,2026-01-01T19:58:41Z,https://www.adzuna.com/details/5564015623?utm_medium=api&utm_source=516145e7,02459,0.51
5564047537,Part Time Licensed Talk Therapist - Fee For Service,Thriveworks,private,adzuna,94872.94,94872.94,"Norfolk, Norfolk County",42.116244,-71.330273,False,2026-01-01T20:04:06Z,https://www.adzuna.com/details/5564047537?utm_medium=api&utm_source=516145e7,02459,0.5
5564015131,Master's Level Clinician (Seeking LICSW) - Fee For Service,Thriveworks,private,adzuna,91880.02,91880.02,"Foxboro, Norfolk County",42.101265,-71.271092,False,2026-01-01T19:58:34Z,https://www.adzuna.com/details/5564015131?utm_medium=api&utm_source=516145e7,02459,0.5
5567518429,Master's Level Clinician (Seeking LICSW) - Fee For Service,Thriveworks,private,adzuna,92351.77,92351.77,"Hingham, Plymouth County",42.22569,-70.88878,False,2026-01-04T19:52:59Z,https://www.adzuna.com/details/5567518429?utm_medium=api&utm_source=516145e7,02459,0.5
FAA-AHF-26-PUB NOT-96448,"PUBLIC NOTICE - Airway Transportation Systems Specialist (G- ENV, RAD, NAV, AUT, COM & F ENTRY)",Federal Aviation Administration,federal,usajobs,68863,82154,"North Andover, Massachusetts",42.69663,-71.13315,,2025-10-03T00:00:00.0000,https://www.usajobs.gov:443/job/847375300,02459,0.5
HR-N-2026-0003,Supervisory Correctional Officer (Lieutenant GS-11),"Justice, Bureau of Prisons/Federal Prison System",federal,usajobs,74678,114413,"Fort Devens, Massachusetts",42.5372,-71.6156,,2025-10-01T00:00:00.0000,https://www.usajobs.gov:443/job/847131300,02459,0.49
BOP-N-2026-0011,Secretary (Unit Secretary),"Justice, Bureau of Prisons/Federal Prison System",federal,usajobs,50241,83257,"Fort Devens, Massachusetts",42.5372,-71.6156,,2025-10-01T00:00:00.0000,https://www.usajobs.gov:443/job/847139100,02459,0.49
DEV-2026-0016,Practical Nurse (Licensed Practical Nurse),"Justice, Bureau of Prisons/Federal Prison System",federal,usajobs,59405,81110,"Fort Devens, Massachusetts",42.5372,-71.6156,,2025-10-30T00:00:00.0000,https://www.usajobs.gov:443/job/849194200,02459,0.49
MCFU-26-12837411-DHAS,Security Guard,United States Army Installation Management Command,federal,usajobs,38407,49927,"Fort Devens, Massachusetts",42.5372,-71.6156,,2025-11-21T10:55:56.8730,https://www.usajobs.gov:443/job/850622000,02459,0.49
NER-2026-0070,Clinical Psychologist (Forensics Unit Psychologist),"Justice, Bureau of Prisons/Federal Prison System",federal,usajobs,100371,155164,"Fort Devens, Massachusetts",42.5372,-71.6156,,2025-11-25T00:00:00.0000,https://www.usajobs.gov:443/job/850986000,02459,0.49
CHAP-2026-0001,Chaplain,"Justice, Bureau of Prisons/Federal Prison System",federal,usajobs,63780,145468,"Fort Devens, Massachusetts",42.5372,-71.6156,,2025-10-01T00:00:00.0000,https://www.usajobs.gov:443/job/847144200,02459,0.49
SDDE-26-12839990-MP-R2,Military Personnel and Administrative Specialist,U.S. Army Reserve Command,federal,usajobs,69213,89975,"Fort Devens, Massachusetts",42.5372,-71.6156,,2025-11-25T00:00:00.0000,https://www.usajobs.gov:443/job/851003000,02459,0.49
BOP-N-2026-0010,Health Technician (Paramedic),"Justice, Bureau of Prisons/Federal Prison System",federal,usajobs,63780,102887,"Fort Devens, Massachusetts",42.5372,-71.6156,,2025-10-01T00:00:00.0000,https://www.usajobs.gov:443/job/847138700,02459,0.49
HR-N-2026-0006,Supervisory Correctional Officer (Captain GS-13),"Justice, Bureau of Prisons/Federal Prison System",federal,usajobs,106437,172980,"Fort Devens, Massachusetts",42.5372,-71.6156,,2025-10-01T00:00:00.0000,https://www.usajobs.gov:443/job/847133000,02459,0.49
5564015290,Master's Level Clinician (Seeking LICSW) - Fee For Service,Thriveworks,private,adzuna,107317.46,107317.46,"Medway, Norfolk County",42.152506,-71.424632,False,2026-01-01T19:58:36Z,https://www.adzuna.com/details/5564015290?utm_medium=api&utm_source=516145e7,02459,0.49
DHA-2026-0001,Correctional Officer – Up to 50% Recruitment Incentive – Direct Hire,"Justice, Bureau of Prisons/Federal Prison System",federal,usajobs,51632,98113,"Fort Devens, Massachusetts",42.5372,-71.6156,,2025-10-01T00:00:00.0000,https://www.usajobs.gov:443/job/847129100,02459,0.49
HR-N-2026-0001,Supervisory Correctional Officer (Lieutenant GL-09),"Justice, Bureau of Prisons/Federal Prison System",federal,usajobs,63780,96989,"Fort Devens, Massachusetts",42.5372,-71.6156,,2025-10-01T00:00:00.0000,https://www.usajobs.gov:443/job/847129800,02459,0.49
HR-N-2026-0002,Supervisory Correctional Officer (Lieutenant GS-09/11),"Justice, Bureau of Prisons/Federal Prison System",federal,usajobs,63780,121371,"Fort Devens, Massachusetts",42.5372,-71.6156,,2025-10-01T00:00:00.0000,https://www.usajobs.gov:443/job/847130500,02459,0.49
DHA-2026-0002,Nurse (Registered Nurse) 30% Recruitment Incentive - Direct Hire,"Justice, Bureau of Prisons/Federal Prison System",federal,usajobs,50241,114573,"Fort Devens, Massachusetts",42.5372,-71.6156,,2025-10-01T00:00:00.0000,https://www.usajobs.gov:443/job/847130700,02459,0.49
DHA-2026-0003,Physician (Medical Officer) - Direct Hire,"Justice, Bureau of Prisons/Federal Prison System",federal,usajobs,123077,300000,"Fort Devens, Massachusetts",42.5372,-71.6156,,2025-10-01T07:20:47.2000,https://www.usajobs.gov:443/job/847131200,02459,0.49
BOP-N-2026-0001,Clinical Psychologist (Staff Psychologist) 25% Recruitment Incentive,"Justice, Bureau of Prisons/Federal Prison System",federal,usajobs,74678,145468,"Fort Devens, Massachusetts",42.5372,-71.6156,,2025-10-01T00:00:00.0000,https://www.usajobs.gov:443/job/847131400,02459,0.49
HR-N-2026-0004,Supervisory Correctional Officer (Captain GS-11),"Justice, Bureau of Prisons/Federal Prison System",federal,usajobs,74678,97087,"Fort Devens, Massachusetts",42.5372,-71.6156,,2025-10-01T00:00:00.0000,https://www.usajobs.gov:443/job/847131600,02459,0.49
HR-N-2026-0005,Supervisory Correctional Officer (Captain GS-12),"Justice, Bureau of Prisons/Federal Prison System",federal,usajobs,89508,137128,"Fort Devens, Massachusetts",42.5372,-71.6156,,2025-10-01T00:00:00.0000,https://www.usajobs.gov:443/job/847132200,02459,0.49
BOP-N-2026-0009,Physician Assistant (Mid-Level Practitioner) 30% Recruitment Incentive,"Justice, Bureau of Prisons/Federal Prison System",federal,usajobs,57188,129383,"Fort Devens, Massachusetts",42.5372,-71.6156,,2025-10-01T00:00:00.0000,https://www.usajobs.gov:443/job/847137300,02459,0.49
HR-N-2026-0007,Correctional Officer (Senior Officer Specialist GL-05),"Justice, Bureau of Prisons/Federal Prison System",federal,usajobs,51632,80247,"Fort Devens, Massachusetts",42.5372,-71.6156,,2025-10-01T00:00:00.0000,https://www.usajobs.gov:443/job/847133400,02459,0.49
HR-N-2026-0009,Correctional Officer (Senior Officer Specialist GL-07),"Justice, Bureau of Prisons/Federal Prison System",federal,usajobs,58771,92921,"Fort Devens, Massachusetts",42.5372,-71.6156,,2025-10-01T00:00:00.0000,https://www.usajobs.gov:443/job/847134900,02459,0.49
BOP-N-2026-0008,Physician (Clinical Director),"Justice, Bureau of Prisons/Federal Prison System",federal,usajobs,145000,336000,"Fort Devens, Massachusetts",42.5372,-71.6156,,2025-10-01T00:00:00.0000,https://www.usajobs.gov:443/job/847136400,02459,0.49
BOP-N-2026-0006,Physician (Psychiatric Physician),"Justice, Bureau of Prisons/Federal Prison System",federal,usajobs,123077,300000,"Fort Devens, Massachusetts",42.5372,-71.6156,,2025-10-01T00:00:00.0000,https://www.usajobs.gov:443/job/847135600,02459,0.49
HR-N-2026-0010,Correctional Officer (Senior Officer Specialist GL-08),"Justice, Bureau of Prisons/Federal Prison System",federal,usajobs,61257,98113,"Fort Devens, Massachusetts",42.5372,-71.6156,,2025-10-01T00:00:00.0000,https://www.usajobs.gov:443/job/847135400,02459,0.49
BOP-N-2026-0007,Physician (Medical Officer),"Justice, Bureau of Prisons/Federal Prison System",federal,usajobs,123077,300000,"Fort Devens, Massachusetts",42.5372,-71.6156,,2025-10-01T00:00:00.0000,https://www.usajobs.gov:443/job/847136100,02459,0.49
BOP-N-2026-0004,Dentist (Dental Officer),"Justice, Bureau of Prisons/Federal Prison System",federal,usajobs,123077,300000,"Fort Devens, Massachusetts",42.5372,-71.6156,,2025-10-01T00:00:00.0000,https://www.usajobs.gov:443/job/847133500,02459,0.49
BOP-N-2026-0005,Advance Practice Nurse (Mid-Level Practitioner) 30% Recruitment Incentive,"Justice, Bureau of Prisons/Federal Prison System",federal,usajobs,63780,129383,"Fort Devens, Massachusetts",42.5372,-71.6156,,2025-10-01T00:00:00.0000,https://www.usajobs.gov:443/job/847134500,02459,0.49
HR-N-2026-0008,Correctional Officer (Senior Officer Specialist GL-06),"Justice, Bureau of Prisons/Federal Prison System",federal,usajobs,54443,85561,"Fort Devens, Massachusetts",42.5372,-71.6156,,2025-10-01T00:00:00.0000,https://www.usajobs.gov:443/job/847133600,02459,0.49
5564047456,Part Time Licensed Talk Therapist - Fee For Service,Thriveworks,private,adzuna,144988.94,144988.94,"Tewksbury, Middlesex County",42.600792,-71.222621,False,2026-01-01T20:04:05Z,https://www.adzuna.com/details/5564047456?utm_medium=api&utm_source=516145e7,02459,0.48
5564014874,Master's Level Clinician (Seeking LICSW) - Fee For Service,Thriveworks,private,adzuna,111928.55,111928.55,"Brockton, Plymouth County",42.08883,-71.03822,False,2026-01-01T19:58:31Z,https://www.adzuna.com/details/5564014874?utm_medium=api&utm_source=516145e7,02459,0.48
FAA-AHF-26-PUB NOT-96448,"PUBLIC NOTICE - Airway Transportation Systems Specialist (G- ENV, RAD, NAV, AUT, COM & F ENTRY)",Federal Aviation Administration,federal,usajobs,68863,82154,"Bridgewater, Massachusetts",41.982624,-70.984024,,2025-10-03T00:00:00.0000,https://www.usajobs.gov:443/job/847375300,02459,0.48
5564015037,Master's Level Clinician (Seeking LICSW) - Fee For Service,Thriveworks,private,adzuna,89996.41,89996.41,"North Abington, Plymouth County",42.11726,-70.954712,False,2026-01-01T19:58:33Z,https://www.adzuna.com/details/5564015037?utm_medium=api&utm_source=516145e7,02459,0.47
5564047191,Part Time Licensed Talk Therapist - Fee For Service,Thriveworks,private,adzuna,112501.74,112501.74,"Boxborough, Middlesex County",42.48774,-71.51844,False,2026-01-01T20:04:04Z,https://www.adzuna.com/details/5564047191?utm_medium=api&utm_source=516145e7,02459,0.46
5564014793,Master's Level Clinician (Seeking LICSW) - Fee For Service,Thriveworks,private,adzuna,96647.22,96647.22,"Cohasset, Norfolk County",42.240889,-70.811979,False,2026-01-01T19:58:30Z,https://www.adzuna.com/details/5564014793?utm_medium=api&utm_source=516145e7,02459,0.46
5564045714,Part Time Licensed Talk Therapist - Fee For Service,Thriveworks,private,adzuna,98902.63,98902.63,"Rockland, Plymouth County",42.131195,-70.909862,False,2026-01-01T20:03:52Z,https://www.adzuna.com/details/5564045714?utm_medium=api&utm_source=516145e7,02459,0.46
5564015137,Master's Level Clinician (Seeking LMHC) - Fee For Service,Thriveworks,private,adzuna,95238.45,95238.45,"Littleton, Middlesex County",42.539954,-71.484158,False,2026-01-01T19:58:34Z,https://www.adzuna.com/details/5564015137?utm_medium=api&utm_source=516145e7,02459,0.45
5552485299,Veterinarian Full-Time,Lap of Love,private,adzuna,111656.27,111656.27,"Westford, Middlesex County",42.58698,-71.44326,False,2025-12-22T19:31:08Z,https://www.adzuna.com/details/5552485299?utm_medium=api&utm_source=516145e7,02459,0.44
CBTD-12813581-26-MJ,Medical Support Assistant (Advanced),Veterans Health Administration,federal,usajobs,55959,72744,"Haverhill, Massachusetts",42.777542,-71.07679,,2025-10-14T16:48:41.6770,https://www.usajobs.gov:443/job/848105500,02459,0.43
5564047082,Part Time Licensed Talk Therapist - Fee For Service,Thriveworks,private,adzuna,105652.85,105652.85,"Westborough, Worcester County",42.266269,-71.618083,False,2026-01-01T20:04:02Z,https://www.adzuna.com/details/5564047082?utm_medium=api&utm_source=516145e7,02459,0.43
5564014984,Master's Level Clinician (Seeking LMHC) - Fee For Service,Thriveworks,private,adzuna,105448.11,105448.11,"Westborough, Worcester County",42.266269,-71.618083,False,2026-01-01T19:58:32Z,https://www.adzuna.com/details/5564014984?utm_medium=api&utm_source=516145e7,02459,0.43
5564015390,Master's Level Clinician (Seeking LICSW) - Fee For Service,Thriveworks,private,adzuna,97297.91,97297.91,"Bolton, Worcester County",42.436396,-71.607681,False,2026-01-01T19:58:39Z,https://www.adzuna.com/details/5564015390?utm_medium=api&utm_source=516145e7,02459,0.43
5564050056,Part Time Licensed Talk Therapist - Fee For Service,Thriveworks,private,adzuna,103549.28,103549.28,"Hopedale, Worcester County",42.126423,-71.536252,False,2026-01-01T20:04:19Z,https://www.adzuna.com/details/5564050056?utm_medium=api&utm_source=516145e7,02459,0.42
5564015044,Master's Level Clinician (Seeking LICSW) - Fee For Service,Thriveworks,private,adzuna,93178.31,93178.31,"Sheldonville, Norfolk County",42.033837,-71.386833,False,2026-01-01T19:58:33Z,https://www.adzuna.com/details/5564015044?utm_medium=api&utm_source=516145e7,02459,0.42
5564015147,Master's Level Clinician (Seeking LICSW) - Fee For Service,Thriveworks,private,adzuna,98597.6,98597.6,"Plainville, Norfolk County",42.01266,-71.33556,False,2026-01-01T19:58:34Z,https://www.adzuna.com/details/5564015147?utm_medium=api&utm_source=516145e7,02459,0.42
5552486858,Veterinarian Full-Time,Lap of Love,private,adzuna,103104.96,103104.96,"Plainville, Norfolk County",42.01266,-71.33556,False,2025-12-22T19:31:23Z,https://www.adzuna.com/details/5552486858?utm_medium=api&utm_source=516145e7,02459,0.42
5569767729,"Emergency Veterinary Technician, Overnights",Ethos Veterinary Health,private,adzuna,60320,66560,"West Bridgewater, Plymouth County",42.021293,-71.016178,False,2026-01-06T08:40:13Z,https://www.adzuna.com/details/5569767729?utm_medium=api&utm_source=516145e7,02459,0.42
5564015317,Master's Level Clinician (Seeking LICSW) - Fee For Service,Thriveworks,private,adzuna,97406.07,97406.07,"Harvard, Worcester County",42.500894,-71.575779,False,2026-01-01T19:58:37Z,https://www.adzuna.com/details/5564015317?utm_medium=api&utm_source=516145e7,02459,0.42
5564015625,Master's Level Clinician (Seeking LICSW) - Fee For Service,Thriveworks,private,adzuna,97907.02,97907.02,"Bellingham, Norfolk County",42.068411,-71.476494,False,2026-01-01T19:58:41Z,https://www.adzuna.com/details/5564015625?utm_medium=api&utm_source=516145e7,02459,0.42
FAA-AHF-26-PUB NOT-96448,"PUBLIC NOTICE - Airway Transportation Systems Specialist (G- ENV, RAD, NAV, AUT, COM & F ENTRY)",Federal Aviation Administration,federal,usajobs,68863,82154,"Millbury, Massachusetts",42.18925,-71.76216,,2025-10-03T00:00:00.0000,https://www.usajobs.gov:443/job/847375300,02459,0.42
FAA-AHF-26-PUB NOT-96448,"PUBLIC NOTICE - Airway Transportation Systems Specialist (G- ENV, RAD, NAV, AUT, COM & F ENTRY)",Federal Aviation Administration,federal,usajobs,68863,82154,"Worcester, Massachusetts",42.26299,-71.80235,,2025-10-03T00:00:00.0000,https://www.usajobs.gov:443/job/847375300,02459,0.41
CBTD-12810970-26-TR,Medical Support Assistant (Advanced),Veterans Health Administration,federal,usajobs,52794,68700,"Worcester, Massachusetts",42.26299,-71.80235,,2025-10-08T00:00:00.0000,https://www.usajobs.gov:443/job/847688900,02459,0.41
5564046901,Part Time Licensed Talk Therapist - Fee For Service,Thriveworks,private,adzuna,96951.86,96951.86,"East Bridgewater, Plymouth County",42.030059,-70.943541,False,2026-01-01T20:04:00Z,https://www.adzuna.com/details/5564046901?utm_medium=api&utm_source=516145e7,02459,0.41
FAA-FAA-26-PUB NOT-96466,Public Notice for Air Traffic Control Specialist (Direct Hire),Federal Aviation Administration,federal,usajobs,43727,165088,"Nashua, New Hampshire",42.758366,-71.46421,,2025-10-03T00:00:00.0000,https://www.usajobs.gov:443/job/847375100,02459,0.41
5564015377,Master's Level Clinician (Seeking LICSW) - Fee For Service,Thriveworks,private,adzuna,98847.95,98847.95,"Upton, Worcester County",42.17688,-71.59842,False,2026-01-01T19:58:38Z,https://www.adzuna.com/details/5564015377?utm_medium=api&utm_source=516145e7,02459,0.41
PUBLICNOTICE-DEA-BA2025,PUBLIC NOTICE- DEA Criminal Investigators,Drug Enforcement Administration,federal,usajobs,48854,82938,"Worcester, Massachusetts",42.26299,-71.80235,,2025-03-17T00:00:00.0000,https://www.usajobs.gov:443/job/833745400,02459,0.41
5562693448,Mold Technician,Altor Solutions,private,adzuna,36437.51,36437.51,"North Andover, Essex County",42.685071,-71.1071,False,2026-01-01T07:58:13Z,https://www.adzuna.com/details/5562693448?utm_medium=api&utm_source=516145e7,02459,0.41
CBTD-12813581-26-MJ,Medical Support Assistant (Advanced),Veterans Health Administration,federal,usajobs,55959,72744,"Gloucester, Massachusetts",42.61436,-70.66811,,2025-10-14T16:48:41.6770,https://www.usajobs.gov:443/job/848105500,02459,0.41
5564014939,Master's Level Clinician (Seeking LICSW) - Fee For Service,Thriveworks,private,adzuna,90551.62,90551.62,"Hanover, Plymouth County",42.1137,-70.8161,False,2026-01-01T19:58:32Z,https://www.adzuna.com/details/5564014939?utm_medium=api&utm_source=516145e7,02459,0.41
FAA-ATO-26-PUBNOT-96438,Air Traffic Control Specialist (Direct Hire Enhanced CTI Program/E-CTI),Federal Aviation Administration,federal,usajobs,46560,175785,"Nashua, New Hampshire",42.758366,-71.46421,,2025-10-03T00:00:00.0000,https://www.usajobs.gov:443/job/847388600,02459,0.41
ANE-ATO-25-107-96283,Airway Transportation Systems Specialist (NAS),Federal Aviation Administration,federal,usajobs,101536,157367,"Nashua, New Hampshire",42.758366,-71.46421,,2025-09-29T00:00:00.0000,https://www.usajobs.gov:443/job/846693400,02459,0.41
AGL-ERR-25-2101-96016,Technical Operations (AJW) Airway Transportation Systems Specialist Employee Requested Reassignment,Federal Aviation Administration,federal,usajobs,46366,146571,"Worcester, Massachusetts",42.26299,-71.80235,,2025-09-29T00:00:00.0000,https://www.usajobs.gov:443/job/846713900,02459,0.41
AGL-ERR-25-2101-96016,Technical Operations (AJW) Airway Transportation Systems Specialist Employee Requested Reassignment,Federal Aviation Administration,federal,usajobs,46366,146571,"Nashua, New Hampshire",42.758366,-71.46421,,2025-09-29T00:00:00.0000,https://www.usajobs.gov:443/job/846713900,02459,0.41
5552486335,Part- time Veterinarian,Lap of Love,private,adzuna,87937.3,87937.3,"Wenham, Essex County",42.599094,-70.870809,False,2025-12-22T19:31:17Z,https://www.adzuna.com/details/5552486335?utm_medium=api&utm_source=516145e7,02459,0.41
FAA-AHF-26-PUB NOT-96448,"PUBLIC NOTICE - Airway Transportation Systems Specialist (G- ENV, RAD, NAV, AUT, COM & F ENTRY)",Federal Aviation Administration,federal,usajobs,68863,82154,"Windham, New Hampshire",42.80014,-71.30795,,2025-10-03T00:00:00.0000,https://www.usajobs.gov:443/job/847375300,02459,0.41
FAA-AHF-26-PUB NOT-96448,"PUBLIC NOTICE - Airway Transportation Systems Specialist (G- ENV, RAD, NAV, AUT, COM & F ENTRY)",Federal Aviation Administration,federal,usajobs,68863,82154,"Nashua, New Hampshire",42.758366,-71.46421,,2025-10-03T00:00:00.0000,https://www.usajobs.gov:443/job/847375300,02459,0.41
5564047556,Part Time Licensed Talk Therapist - Fee For Service,Thriveworks,private,adzuna,104537.64,104537.64,"Wenham, Essex County",42.599094,-70.870809,False,2026-01-01T20:04:06Z,https://www.adzuna.com/details/5564047556?utm_medium=api&utm_source=516145e7,02459,0.41
5564045311,Licensed Talk Therapist - Fee For Service,Thriveworks,private,adzuna,108445.47,108445.47,"East Bridgewater, Plymouth County",42.030059,-70.943541,False,2026-01-01T20:03:50Z,https://www.adzuna.com/details/5564045311?utm_medium=api&utm_source=516145e7,02459,0.41
5564047138,Part Time Licensed Talk Therapist - Fee For Service,Thriveworks,private,adzuna,140859.52,140859.52,"Mendon, Worcester County",42.095638,-71.547515,False,2026-01-01T20:04:03Z,https://www.adzuna.com/details/5564047138?utm_medium=api&utm_source=516145e7,02459,0.4
5564015635,Master's Level Clinician (Seeking LICSW) - Fee For Service,Thriveworks,private,adzuna,95599.89,95599.89,"Norton, Bristol County",41.972213,-71.187089,False,2026-01-01T19:58:41Z,https://www.adzuna.com/details/5564015635?utm_medium=api&utm_source=516145e7,02459,0.4
5562692263,Licensed Electrician Dracut Ma,Sylvester Electric Inc,private,adzuna,79040,95680,"Dracut, Middlesex County",42.678027,-71.314842,False,2026-01-01T07:58:01Z,https://www.adzuna.com/details/5562692263?utm_medium=api&utm_source=516145e7,02459,0.4
5564046685,Licensed Talk Therapist - Fee For Service,Thriveworks,private,adzuna,107934.02,107934.02,"Boxford, Essex County",42.67614,-71.004217,False,2026-01-01T20:03:58Z,https://www.adzuna.com/details/5564046685?utm_medium=api&utm_source=516145e7,02459,0.4
5564014902,Master's Level Clinician (Seeking LICSW) - Fee For Service,Thriveworks,private,adzuna,107767.19,107767.19,"Devens, Middlesex County",42.534399,-71.618755,False,2026-01-01T19:58:31Z,https://www.adzuna.com/details/5564014902?utm_medium=api&utm_source=516145e7,02459,0.39
5564015237,Master's Level Clinician (Seeking LMHC) - Fee For Service,Thriveworks,private,adzuna,112229.98,112229.98,"Devens, Middlesex County",42.534399,-71.618755,False,2026-01-01T19:58:35Z,https://www.adzuna.com/details/5564015237?utm_medium=api&utm_source=516145e7,02459,0.39
FAA-AHF-26-PUB NOT-96448,"PUBLIC NOTICE - Airway Transportation Systems Specialist (G- ENV, RAD, NAV, AUT, COM & F ENTRY)",Federal Aviation Administration,federal,usajobs,68863,82154,"Newbury, Massachusetts",42.797516,-70.861404,,2025-10-03T00:00:00.0000,https://www.usajobs.gov:443/job/847375300,02459,0.37
5563944042,Physical Therapist,Delta Companies,private,adzuna,133099.6,133099.6,"Bridgewater, Plymouth County",41.97126,-70.97274,False,2026-01-01T19:40:27Z,https://www.adzuna.com/details/5563944042?utm_medium=api&utm_source=516145e7,02459,0.37
5564014828,Master's Level Clinician (Seeking LMHC) - Fee For Service,Thriveworks,private,adzuna,100299.3,100299.3,"Northbridge, Worcester County",42.124629,-71.644938,False,2026-01-01T19:58:30Z,https://www.adzuna.com/details/5564014828?utm_medium=api&utm_source=516145e7,02459,0.37
FAA-AHF-26-PUB NOT-96448,"PUBLIC NOTICE - Airway Transportation Systems Specialist (G- ENV, RAD, NAV, AUT, COM & F ENTRY)",Federal Aviation Administration,federal,usajobs,68863,82154,"Brookline, New Hampshire",42.733448,-71.66154,,2025-10-03T00:00:00.0000,https://www.usajobs.gov:443/job/847375300,02459,0.36
5564014880,Master's Level Clinician (Seeking LMHC) - Fee For Service,Thriveworks,private,adzuna,94279.91,94279.91,"Attleboro, Bristol County",41.93916,-71.3028,False,2026-01-01T19:58:31Z,https://www.adzuna.com/details/5564014880?utm_medium=api&utm_source=516145e7,02459,0.36
5564014978,Master's Level Clinician (Seeking LICSW) - Fee For Service,Thriveworks,private,adzuna,119583.55,119583.55,"Woonsocket, Providence County",42.0016,-71.5015,False,2026-01-01T19:58:32Z,https://www.adzuna.com/details/5564014978?utm_medium=api&utm_source=516145e7,02459,0.36
CBTD-12827663-FY26-MT,Physician (Regular FT) Cardiologist Non-Invasive,Veterans Health Administration,federal,usajobs,350000,375000,"Providence, Rhode Island",41.823875,-71.411995,,2025-10-30T00:00:00.0000,https://www.usajobs.gov:443/job/849239600,02459,0.35
FAA-AHF-26-PUB NOT-96448,"PUBLIC NOTICE - Airway Transportation Systems Specialist (G- ENV, RAD, NAV, AUT, COM & F ENTRY)",Federal Aviation Administration,federal,usajobs,68863,82154,"Londonderry, New Hampshire",42.863697,-71.37553,,2025-10-03T00:00:00.0000,https://www.usajobs.gov:443/job/847375300,02459,0.35
CBTD-12813835-26-MJ,Medical Support Assistant (Advanced),Veterans Health Administration,federal,usajobs,52848,68700,"Providence, Rhode Island",41.823875,-71.411995,,2025-10-14T00:00:00.0000,https://www.usajobs.gov:443/job/848106300,02459,0.35
CBTD-12827604-FY26-MT,Primary Care Physician,Veterans Health Administration,federal,usajobs,220000,250000,"Providence, Rhode Island",41.823875,-71.411995,,2025-10-29T00:00:00.0000,https://www.usajobs.gov:443/job/849173100,02459,0.35
OCA-FY25-602-RADIOLOGY,Physician Diagnostic-Interventional Radiologist-Recruitment Incentive and No IR call,Veterans Health Administration,federal,usajobs,400000,400000,"Providence, Rhode Island",41.823875,-71.411995,,2025-10-30T10:54:58.3430,https://www.usajobs.gov:443/job/849167400,02459,0.35
FAA-AHF-26-PUB NOT-96448,"PUBLIC NOTICE - Airway Transportation Systems Specialist (G- ENV, RAD, NAV, AUT, COM & F ENTRY)",Federal Aviation Administration,federal,usajobs,68863,82154,"Providence, Rhode Island",41.823875,-71.411995,,2025-10-03T00:00:00.0000,https://www.usajobs.gov:443/job/847375300,02459,0.35
CBTD-12813596-26-FS,Housekeeping Aid/Environmental Services EVS Technician,Veterans Health Administration,federal,usajobs,17.94,20.95,"Providence, Rhode Island",41.823875,-71.411995,,2025-10-10T00:00:00.0000,https://www.usajobs.gov:443/job/847937700,02459,0.35
PUBLICNOTICE-DEA-BA2025,PUBLIC NOTICE- DEA Criminal Investigators,Drug Enforcement Administration,federal,usajobs,48854,82938,"Providence, Rhode Island",41.823875,-71.411995,,2025-03-17T00:00:00.0000,https://www.usajobs.gov:443/job/833745400,02459,0.35
SAB-26-Q1-CI,Special Agent,U.S. Secret Service,federal,usajobs,48371,117034,"Providence, Rhode Island",41.823875,-71.411995,,2025-10-01T00:00:00.0000,https://www.usajobs.gov:443/job/847106700,02459,0.35
CBTD-12809894-26-TMB,Physician - Primary Care,Veterans Health Administration,federal,usajobs,225000,265000,"Providence, Rhode Island",41.823875,-71.411995,,2025-10-07T00:00:00.0000,https://www.usajobs.gov:443/job/847613200,02459,0.35
FHWA.DH-2026-0001,Bridge Engineer (Direct Hire),Federal Highway Administration,federal,usajobs,88621,171268,"Providence, Rhode Island",41.823875,-71.411995,,2025-10-27T00:00:00.0000,https://www.usajobs.gov:443/job/848871200,02459,0.35
CBTD-12836405-26-MT,Physician Psychiatrist,Veterans Health Administration,federal,usajobs,240000,315000,"Providence, Rhode Island",41.823875,-71.411995,,2025-11-19T15:40:39.8500,https://www.usajobs.gov:443/job/850514500,02459,0.35
CBTD-12827571-26-KL,Food Service Worker (Part-Time),Veterans Health Administration,federal,usajobs,21.4,24.96,"Providence, Rhode Island",41.823875,-71.411995,,2025-10-31T00:00:00.0000,https://www.usajobs.gov:443/job/849268500,02459,0.35
5564047445,Part Time Licensed Talk Therapist - Fee For Service,Thriveworks,private,adzuna,217962.86,217962.86,"Groveland, Essex County",42.754115,-71.028795,False,2026-01-01T20:04:05Z,https://www.adzuna.com/details/5564047445?utm_medium=api&utm_source=516145e7,02459,0.34
FAA-AHF-26-PUB NOT-96448,"PUBLIC NOTICE - Airway Transportation Systems Specialist (G- ENV, RAD, NAV, AUT, COM & F ENTRY)",Federal Aviation Administration,federal,usajobs,68863,82154,"Derry, New Hampshire",42.88059,-71.32674,,2025-10-03T00:00:00.0000,https://www.usajobs.gov:443/job/847375300,02459,0.34
FAA-ATO-26-PUBNOT-96438,Air Traffic Control Specialist (Direct Hire Enhanced CTI Program/E-CTI),Federal Aviation Administration,federal,usajobs,46560,175785,"Merrimack, New Hampshire",42.86678,-71.49441,,2025-10-03T00:00:00.0000,https://www.usajobs.gov:443/job/847388600,02459,0.32
5564015018,Master's Level Clinician (Seeking LICSW) - Fee For Service,Thriveworks,private,adzuna,111575.69,111575.69,"Duxbury, Plymouth County",42.039333,-70.710413,False,2026-01-01T19:58:33Z,https://www.adzuna.com/details/5564015018?utm_medium=api&utm_source=516145e7,02459,0.32
FAA-AHF-26-PUB NOT-96448,"PUBLIC NOTICE - Airway Transportation Systems Specialist (G- ENV, RAD, NAV, AUT, COM & F ENTRY)",Federal Aviation Administration,federal,usajobs,68863,82154,"Merrimack, New Hampshire",42.86678,-71.49441,,2025-10-03T00:00:00.0000,https://www.usajobs.gov:443/job/847375300,02459,0.32
AGL-ERR-25-2101-96016,Technical Operations (AJW) Airway Transportation Systems Specialist Employee Requested Reassignment,Federal Aviation Administration,federal,usajobs,46366,146571,"Merrimack, New Hampshire",42.86678,-71.49441,,2025-09-29T00:00:00.0000,https://www.usajobs.gov:443/job/846713900,02459,0.32
FAA-FAA-26-PUB NOT-96466,Public Notice for Air Traffic Control Specialist (Direct Hire),Federal Aviation Administration,federal,usajobs,43727,165088,"Merrimack, New Hampshire",42.86678,-71.49441,,2025-10-03T00:00:00.0000,https://www.usajobs.gov:443/job/847375100,02459,0.32
FAA-AHF-26-PUB NOT-96448,"PUBLIC NOTICE - Airway Transportation Systems Specialist (G- ENV, RAD, NAV, AUT, COM & F ENTRY)",Federal Aviation Administration,federal,usajobs,68863,82154,"Somerset, Massachusetts",41.751385,-71.141464,,2025-10-03T00:00:00.0000,https://www.usajobs.gov:443/job/847375300,02459,0.32
5298718629,Psychiatrist,Talkiatry,private,adzuna,171903.97,171903.97,"West Side, Worcester County",42.275816,-71.820142,False,2025-07-11T19:10:02Z,https://www.adzuna.com/details/5298718629?utm_medium=api&utm_source=516145e7,02459,0.31
5567520853,Part Time Licensed Talk Therapist - Fee For Service,Thriveworks,private,adzuna,110854.57,110854.57,"West Side, Worcester County",42.275816,-71.820142,False,2026-01-04T19:55:33Z,https://www.adzuna.com/details/5567520853?utm_medium=api&utm_source=516145e7,02459,0.31
5564015161,Master's Level Clinician (Seeking LMHC) - Fee For Service,Thriveworks,private,adzuna,110219.86,110219.86,"Central Falls, Providence County",41.908405,-71.439933,False,2026-01-01T19:58:35Z,https://www.adzuna.com/details/5564015161?utm_medium=api&utm_source=516145e7,02459,0.31
5565516810,Physical Therapist,Delta Companies,private,adzuna,126682.5,126682.5,"West Side, Worcester County",42.275816,-71.820142,False,2026-01-02T19:34:32Z,https://www.adzuna.com/details/5565516810?utm_medium=api&utm_source=516145e7,02459,0.31
5564015521,Master's Level Clinician (Seeking LMHC) - Fee For Service,Thriveworks,private,adzuna,95252.34,95252.34,"Manchaug, Worcester County",42.09223,-71.748445,False,2026-01-01T19:58:40Z,https://www.adzuna.com/details/5564015521?utm_medium=api&utm_source=516145e7,02459,0.3
5564015158,Master's Level Clinician (Seeking LICSW) - Fee For Service,Thriveworks,private,adzuna,104071.02,104071.02,"Webster Square, Worcester County",42.24299,-71.83797,False,2026-01-01T19:58:34Z,https://www.adzuna.com/details/5564015158?utm_medium=api&utm_source=516145e7,02459,0.29
5561780977,Epoxy and Polished Concrete Flooring Installer,Kaloutas,private,adzuna,45760,62400,"West Side, Worcester County",42.27168,-71.844547,False,2025-12-31T19:55:07Z,https://www.adzuna.com/details/5561780977?utm_medium=api&utm_source=516145e7,02459,0.29
5564014943,Master's Level Clinician (Seeking LICSW) - Fee For Service,Thriveworks,private,adzuna,84652.72,84652.72,"South Carver, Plymouth County",41.920037,-70.798872,False,2026-01-01T19:58:32Z,https://www.adzuna.com/details/5564014943?utm_medium=api&utm_source=516145e7,02459,0.28
5562690857,IPM Technician-Newburyport-Haverhill MA,PEST END INC,private,adzuna,45760,58240,"Plaistow, Rockingham County",42.839254,-71.091083,False,2026-01-01T07:57:41Z,https://www.adzuna.com/details/5562690857?utm_medium=api&utm_source=516145e7,02459,0.28
5562690540,Inside Sales Representative,Your Home Sold Guaranteed Realty - Nathan Clark Team,private,adzuna,100000,100000,"Centerdale, Providence County",41.85516,-71.49222,False,2026-01-01T07:57:36Z,https://www.adzuna.com/details/5562690540?utm_medium=api&utm_source=516145e7,02459,0.26
5562691280,Real Estate Sales Agent,"Your Home Sold Guaranteed Realty, The Nathan Clark Team",private,adzuna,100000,300000,"Centerdale, Providence County",41.85516,-71.49222,False,2026-01-01T07:57:46Z,https://www.adzuna.com/details/5562691280?utm_medium=api&utm_source=516145e7,02459,0.26
FAA-AHF-26-PUB NOT-96448,"PUBLIC NOTICE - Airway Transportation Systems Specialist (G- ENV, RAD, NAV, AUT, COM & F ENTRY)",Federal Aviation Administration,federal,usajobs,68863,82154,"Bedford, New Hampshire",42.946,-71.528366,,2025-10-03T00:00:00.0000,https://www.usajobs.gov:443/job/847375300,02459,0.25
FAA-AHF-26-PUB NOT-96448,"PUBLIC NOTICE - Airway Transportation Systems Specialist (G- ENV, RAD, NAV, AUT, COM & F ENTRY)",Federal Aviation Administration,federal,usajobs,68863,82154,"Warwick, Rhode Island",41.698563,-71.461655,,2025-10-03T00:00:00.0000,https://www.usajobs.gov:443/job/847375300,02459,0.25
AGL-ERR-25-2101-96016,Technical Operations (AJW) Airway Transportation Systems Specialist Employee Requested Reassignment,Federal Aviation Administration,federal,usajobs,46366,146571,"Warwick, Rhode Island",41.698563,-71.461655,,2025-09-29T00:00:00.0000,https://www.usajobs.gov:443/job/846713900,02459,0.25
FAA-AHF-26-PUB NOT-96448,"PUBLIC NOTICE - Airway Transportation Systems Specialist (G- ENV, RAD, NAV, AUT, COM & F ENTRY)",Federal Aviation Administration,federal,usajobs,68863,82154,"North Brookfield, Massachusetts",42.269176,-72.08522,,2025-10-03T00:00:00.0000,https://www.usajobs.gov:443/job/847375300,02459,0.24
CBTD-12809394-25-AL,Medical Support Assistant (Advanced),Veterans Health Administration,federal,usajobs,50920,66193,"Manchester, New Hampshire",42.991177,-71.46309,,2025-10-30T10:32:26.0600,https://www.usajobs.gov:443/job/849162400,02459,0.23
SAB-26-Q1-CI,Special Agent,U.S. Secret Service,federal,usajobs,48371,117034,"Manchester, New Hampshire",42.991177,-71.46309,,2025-10-01T00:00:00.0000,https://www.usajobs.gov:443/job/847106700,02459,0.23
CBTD-12828787-26-BS,Endocrinology Physician (0.5 Part Time),Veterans Health Administration,federal,usajobs,250000,300000,"Manchester, New Hampshire",42.991177,-71.46309,,2025-11-21T10:40:30.5200,https://www.usajobs.gov:443/job/850704200,02459,0.23
CBTD-12809065-25-BS,Physician - Diagnostic Imaging Service (FT) with Recruitment Incentives,Veterans Health Administration,federal,usajobs,300000,400000,"Manchester, New Hampshire",42.991177,-71.46309,,2025-09-30T00:00:00.0000,https://www.usajobs.gov:443/job/847260300,02459,0.23
FAA-FAA-26-PUB NOT-96466,Public Notice for Air Traffic Control Specialist (Direct Hire),Federal Aviation Administration,federal,usajobs,43727,165088,"Manchester, New Hampshire",42.991177,-71.46309,,2025-10-03T00:00:00.0000,https://www.usajobs.gov:443/job/847375100,02459,0.23
5563944559,Physical Therapist,Delta Companies,private,adzuna,117550.3,117550.3,"Johnston, Providence County",41.82678,-71.51652,False,2026-01-01T19:40:35Z,https://www.adzuna.com/details/5563944559?utm_medium=api&utm_source=516145e7,02459,0.23
CBTD-12809894-26-TMB,Physician - Primary Care,Veterans Health Administration,federal,usajobs,225000,265000,"Manchester, New Hampshire",42.991177,-71.46309,,2025-10-07T00:00:00.0000,https://www.usajobs.gov:443/job/847613200,02459,0.23
PUBLICNOTICE-DEA-BA2025,PUBLIC NOTICE- DEA Criminal Investigators,Drug Enforcement Administration,federal,usajobs,48854,82938,"Manchester, New Hampshire",42.991177,-71.46309,,2025-03-17T00:00:00.0000,https://www.usajobs.gov:443/job/833745400,02459,0.23
CBTD-12809192-25-BS,Primary Care Physician (Regular Ft),Veterans Health Administration,federal,usajobs,240000,265000,"Manchester, New Hampshire",42.991177,-71.46309,,2025-09-30T15:11:12.4670,https://www.usajobs.gov:443/job/847078600,02459,0.23
5564050063,Part Time Licensed Talk Therapist - Fee For Service,Thriveworks,private,adzuna,102897.41,102897.41,"Salisbury, Essex County",42.85086,-70.86582,False,2026-01-01T20:04:19Z,https://www.adzuna.com/details/5564050063?utm_medium=api&utm_source=516145e7,02459,0.23
FAA-ATO-26-PUBNOT-96438,Air Traffic Control Specialist (Direct Hire Enhanced CTI Program/E-CTI),Federal Aviation Administration,federal,usajobs,46560,175785,"Manchester, New Hampshire",42.991177,-71.46309,,2025-10-03T00:00:00.0000,https://www.usajobs.gov:443/job/847388600,02459,0.23
FAA-AHF-26-PUB NOT-96448,"PUBLIC NOTICE - Airway Transportation Systems Specialist (G- ENV, RAD, NAV, AUT, COM & F ENTRY)",Federal Aviation Administration,federal,usajobs,68863,82154,"Manchester, New Hampshire",42.991177,-71.46309,,2025-10-03T00:00:00.0000,https://www.usajobs.gov:443/job/847375300,02459,0.23
CBTD-12813320-26-BS,Gastroenterologist Physician (Regular Ft),Veterans Health Administration,federal,usajobs,250000,400000,"Manchester, New Hampshire",42.991177,-71.46309,,2025-10-20T15:10:27.0630,https://www.usajobs.gov:443/job/848487600,02459,0.23
AGL-ERR-25-2101-96016,Technical Operations (AJW) Airway Transportation Systems Specialist Employee Requested Reassignment,Federal Aviation Administration,federal,usajobs,46366,146571,"Manchester, New Hampshire",42.991177,-71.46309,,2025-09-29T00:00:00.0000,https://www.usajobs.gov:443/job/846713900,02459,0.23
FAA-AHF-26-PUB NOT-96448,"PUBLIC NOTICE - Airway Transportation Systems Specialist (G- ENV, RAD, NAV, AUT, COM & F ENTRY)",Federal Aviation Administration,federal,usajobs,68863,82154,"Sturbridge, Massachusetts",42.109283,-72.08203,,2025-10-03T00:00:00.0000,https://www.usajobs.gov:443/job/847375300,02459,0.22
FAA-AHF-26-PUB NOT-96448,"PUBLIC NOTICE - Airway Transportation Systems Specialist (G- ENV, RAD, NAV, AUT, COM & F ENTRY)",Federal Aviation Administration,federal,usajobs,68863,82154,"East Greenwich, Rhode Island",41.662086,-71.450264,,2025-10-03T00:00:00.0000,https://www.usajobs.gov:443/job/847375300,02459,0.22
5563941869,Physical Therapist,Delta Companies,private,adzuna,122311.8,122311.8,"Merrimack, Hillsborough County",42.863136,-71.51509,False,2026-01-01T19:40:13Z,https://www.adzuna.com/details/5563941869?utm_medium=api&utm_source=516145e7,02459,0.22
5564015029,Master's Level Clinician (Seeking LICSW) - Fee For Service,Thriveworks,private,adzuna,93900.16,93900.16,"East Freetown, Bristol County",41.767983,-70.968536,False,2026-01-01T19:58:33Z,https://www.adzuna.com/details/5564015029?utm_medium=api&utm_source=516145e7,02459,0.21
PUBLICNOTICE-DEA-BA2025,PUBLIC NOTICE- DEA Criminal Investigators,Drug Enforcement Administration,federal,usajobs,48854,82938,"New Bedford, Massachusetts",41.637676,-70.93087,,2025-03-17T00:00:00.0000,https://www.usajobs.gov:443/job/833745400,02459,0.2
CBTD-12813834-26-MJ,Medical Support Assistant (Advanced),Veterans Health Administration,federal,usajobs,52848,68700,"New Bedford, Massachusetts",41.637676,-70.93087,,2025-10-14T00:00:00.0000,https://www.usajobs.gov:443/job/848105800,02459,0.2
5552484404,Veterinarian Full-Time,Lap of Love,private,adzuna,114446.14,114446.14,"Gardner, Worcester County",42.574121,-71.993524,False,2025-12-22T19:30:56Z,https://www.adzuna.com/details/5552484404?utm_medium=api&utm_source=516145e7,02459,0.16
